Status,LeadSource,CreatedDate,AnnualRevenue,Sector,ProductInterest,State,IsConverted
Working,LinkedIn,2025-10-23,3862816,Banking,Directors & Officers (D&O),Rio de Janeiro,0
Closed - Not Converted,Trade Show,2025-02-05,22731976,Financial Services,Corporate Life Insurance,Rio de Janeiro,0
New,LinkedIn,2025-04-07,580326,Insurance,Fleet Auto Insurance,Bahia,0
Working,Web,2025-11-04,7781616,Financial Services,Pension Fund Management,Minas Gerais,0
Working,LinkedIn,2025-08-20,75651702,Financial Services,Fleet Auto Insurance,Sao Paulo,0
Working,LinkedIn,2025-05-06,1194707,Insurance,Pension Fund Management,Sao Paulo,0
New,Referral,2025-11-10,459513,Insurance,Group Health Insurance,Santa Catarina,0
Working,LinkedIn,2025-05-18,5117428,Financial Services,Corporate Life Insurance,Sao Paulo,0
Closed - Not Converted,LinkedIn,2025-08-19,196004,Insurance,Fleet Auto Insurance,Sao Paulo,0
Closed - Converted,Trade Show,2025-10-15,1107341,Insurance,Pension Fund Management,Sao Paulo,1
Working,Partner,2025-09-17,2554015,Insurance,Corporate Life Insurance,Distrito Federal,0
New,Web,2025-01-23,95714,Insurance,Fleet Auto Insurance,Bahia,0
Closed - Converted,Web,2025-08-27,1076708,Retail,Corporate Life Insurance,Santa Catarina,1
New,LinkedIn,2025-11-11,72999,Insurance,Group Health Insurance,Santa Catarina,0
Working,Web,2025-07-12,3218491,Financial Services,Pension Fund Management,Distrito Federal,0
New,Web,2025-05-06,1223229,Insurance,Commercial Property,Minas Gerais,0
Working,Referral,2025-10-31,7148558,Banking,Pension Fund Management,Distrito Federal,0
Working,Trade Show,2025-08-21,1019817,Insurance,Fleet Auto Insurance,Rio Grande do Sul,0
Closed - Not Converted,Partner,2025-05-25,9348796,Financial Services,Cyber Liability Insurance,Rio de Janeiro,0
New,Cold Call,2025-09-09,25428463,Financial Services,Directors & Officers (D&O),Rio de Janeiro,0
Working,LinkedIn,2025-03-17,1016798,Insurance,Corporate Life Insurance,Rio de Janeiro,0
New,Partner,2025-08-02,4503623,Financial Services,Commercial Property,Sao Paulo,0
Nurturing,Web,2025-02-22,952488,Insurance,Group Health Insurance,Minas Gerais,0
Working,Referral,2025-08-22,2878891,FinTech,Commercial Property,Santa Catarina,0
New,Trade Show,2025-01-22,16225952,Financial Services,Group Health Insurance,Parana,0
New,LinkedIn,2025-02-15,17902788,Financial Services,Corporate Life Insurance,Sao Paulo,0
New,Web,2025-03-31,13990367,Banking,Fleet Auto Insurance,Minas Gerais,0
Working,Trade Show,2025-04-19,16687186,Banking,Commercial Property,Distrito Federal,0
New,Partner,2025-02-05,4309113,Financial Services,Cyber Liability Insurance,Rio Grande do Sul,0
Closed - Converted,LinkedIn,2025-06-08,17593832,Financial Services,Directors & Officers (D&O),Rio de Janeiro,1
Closed - Converted,Trade Show,2025-11-19,1211974,FinTech,Corporate Life Insurance,Parana,1
Working,Partner,2025-07-17,3188146,Insurance,Commercial Property,Bahia,0
New,Web,2025-04-08,175496,Insurance,Directors & Officers (D&O),Distrito Federal,0
New,Partner,2025-03-01,834245,Healthcare,Commercial Property,Rio de Janeiro,0
Nurturing,Referral,2025-10-18,1784864,Financial Services,Corporate Life Insurance,Sao Paulo,0
New,LinkedIn,2025-03-22,47794582,Financial Services,Commercial Property,Parana,0
New,Partner,2025-03-11,2032444,Financial Services,Commercial Property,Distrito Federal,0
New,LinkedIn,2025-08-25,5731870,Financial Services,Directors & Officers (D&O),Rio de Janeiro,0
Nurturing,Partner,2025-01-06,5050673,Insurance,Pension Fund Management,Distrito Federal,0
New,LinkedIn,2025-06-17,9137544,Financial Services,Cyber Liability Insurance,Rio Grande do Sul,0
New,LinkedIn,2025-08-19,216388568,Banking,Group Health Insurance,Sao Paulo,0
New,Cold Call,2025-04-22,3580166,Healthcare,Group Health Insurance,Santa Catarina,0
New,Cold Call,2025-03-12,987841,FinTech,Commercial Property,Bahia,0
Working,LinkedIn,2025-10-31,688738,Insurance,Directors & Officers (D&O),Parana,0
Closed - Converted,Trade Show,2025-05-13,1538500,Insurance,Corporate Life Insurance,Distrito Federal,1
Nurturing,Trade Show,2025-11-04,19374241,Financial Services,Fleet Auto Insurance,Distrito Federal,0
Nurturing,LinkedIn,2025-04-17,1764290,Insurance,Group Health Insurance,Parana,0
Closed - Converted,Web,2025-04-16,5546734,Financial Services,Commercial Property,Santa Catarina,1
Closed - Converted,Referral,2025-07-12,404852,FinTech,Corporate Life Insurance,Rio de Janeiro,1
Working,Cold Call,2025-02-06,8410736,Insurance,Pension Fund Management,Distrito Federal,0
Working,Web,2025-07-03,1816838,Insurance,Pension Fund Management,Rio Grande do Sul,0
Nurturing,Web,2025-09-12,856142,Insurance,Commercial Property,Santa Catarina,0
Closed - Not Converted,Partner,2025-03-01,6487630,Financial Services,Directors & Officers (D&O),Minas Gerais,0
New,Cold Call,2025-05-29,1011868,Insurance,Commercial Property,Sao Paulo,0
Working,Web,2025-02-19,776087,Healthcare,Commercial Property,Distrito Federal,0
Working,Cold Call,2025-04-16,1245613,Insurance,Commercial Property,Sao Paulo,0
Working,Web,2025-02-19,60111781,Financial Services,Cyber Liability Insurance,Sao Paulo,0
New,Cold Call,2025-01-04,18814305,Financial Services,Cyber Liability Insurance,Parana,0
Working,Trade Show,2025-11-14,6712510,Financial Services,Fleet Auto Insurance,Bahia,0
Working,Web,2025-02-16,4157720,Financial Services,Pension Fund Management,Sao Paulo,0
Nurturing,Partner,2025-05-23,124577386,Financial Services,Corporate Life Insurance,Sao Paulo,0
Closed - Not Converted,Web,2025-01-04,478568,Insurance,Fleet Auto Insurance,Parana,0
New,LinkedIn,2025-05-17,4850059,Financial Services,Group Health Insurance,Santa Catarina,0
Closed - Converted,Web,2025-10-04,1632794,Insurance,Fleet Auto Insurance,Parana,1
Closed - Not Converted,Cold Call,2025-04-02,1311595,Financial Services,Cyber Liability Insurance,Distrito Federal,0
Working,LinkedIn,2025-11-02,12896882,Financial Services,Corporate Life Insurance,Parana,0
Closed - Converted,LinkedIn,2025-11-21,2539308,Insurance,Corporate Life Insurance,Santa Catarina,1
Working,Cold Call,2025-08-19,1127626,FinTech,Group Health Insurance,Parana,0
Working,Web,2025-05-20,1863353,Banking,Directors & Officers (D&O),Sao Paulo,0
Closed - Converted,LinkedIn,2025-07-09,5367794,Banking,Commercial Property,Bahia,1
Working,LinkedIn,2025-03-26,2345886,Financial Services,Group Health Insurance,Parana,0
New,Referral,2025-07-13,6712734,Financial Services,Group Health Insurance,Rio de Janeiro,0
Working,Referral,2025-01-26,11753587,Financial Services,Directors & Officers (D&O),Santa Catarina,0
Working,Referral,2025-01-13,560657,Insurance,Pension Fund Management,Sao Paulo,0
New,LinkedIn,2025-02-27,501082,Insurance,Cyber Liability Insurance,Santa Catarina,0
Working,Trade Show,2025-02-15,586273,Healthcare,Directors & Officers (D&O),Sao Paulo,0
New,Web,2025-10-24,1622824,Retail,Cyber Liability Insurance,Santa Catarina,0
Closed - Not Converted,Trade Show,2025-10-20,1087786,Insurance,Group Health Insurance,Distrito Federal,0
Working,Referral,2025-02-19,3252327,Financial Services,Cyber Liability Insurance,Minas Gerais,0
Nurturing,Trade Show,2025-04-20,4406591,Financial Services,Commercial Property,Rio de Janeiro,0
Nurturing,Referral,2025-05-06,217392,Insurance,Group Health Insurance,Minas Gerais,0
New,Referral,2025-07-29,1391460,Retail,Pension Fund Management,Sao Paulo,0
Nurturing,LinkedIn,2025-01-12,2147518,Financial Services,Cyber Liability Insurance,Distrito Federal,0
Working,Partner,2025-08-20,1506513,Financial Services,Group Health Insurance,Distrito Federal,0
New,Cold Call,2025-04-24,141710,Insurance,Corporate Life Insurance,Parana,0
Working,LinkedIn,2025-04-11,1476821,Insurance,Group Health Insurance,Bahia,0
Working,Referral,2025-03-18,51659840,Financial Services,Directors & Officers (D&O),Sao Paulo,0
Working,Partner,2025-08-12,6129124,Banking,Cyber Liability Insurance,Distrito Federal,0
New,Web,2025-02-09,9682317,Financial Services,Group Health Insurance,Bahia,0
Working,Referral,2025-05-02,732488,Insurance,Cyber Liability Insurance,Parana,0
Closed - Converted,Referral,2025-11-11,4686264,Financial Services,Cyber Liability Insurance,Santa Catarina,1
Nurturing,Referral,2025-06-23,501239,Insurance,Fleet Auto Insurance,Rio Grande do Sul,0
Working,Web,2025-01-19,374671,Insurance,Fleet Auto Insurance,Rio Grande do Sul,0
Closed - Not Converted,LinkedIn,2025-09-11,624341,Insurance,Commercial Property,Rio de Janeiro,0
Closed - Not Converted,Partner,2025-03-19,2095038,Financial Services,Fleet Auto Insurance,Sao Paulo,0
New,Referral,2025-09-05,3410700,Financial Services,Pension Fund Management,Minas Gerais,0
Closed - Not Converted,Web,2025-04-21,403172,Insurance,Corporate Life Insurance,Sao Paulo,0
Nurturing,Trade Show,2025-01-21,57509975,Financial Services,Directors & Officers (D&O),Santa Catarina,0
New,Referral,2025-05-07,3774224,Banking,Group Health Insurance,Distrito Federal,0
Working,Web,2025-09-26,4184082,Financial Services,Corporate Life Insurance,Bahia,0
New,Web,2025-11-19,48629866,Financial Services,Corporate Life Insurance,Minas Gerais,0
Closed - Converted,Cold Call,2025-08-09,23054040,Financial Services,Fleet Auto Insurance,Rio de Janeiro,1
Closed - Converted,Trade Show,2025-11-21,679095,FinTech,Cyber Liability Insurance,Sao Paulo,1
Closed - Converted,Referral,2025-03-22,21575550,Financial Services,Fleet Auto Insurance,Distrito Federal,1
Working,Partner,2025-05-22,224859,FinTech,Corporate Life Insurance,Rio de Janeiro,0
Working,Trade Show,2025-08-06,156797,Insurance,Commercial Property,Sao Paulo,0
New,Cold Call,2025-06-21,508150,Insurance,Commercial Property,Bahia,0
Closed - Not Converted,LinkedIn,2025-07-30,8755257,Financial Services,Fleet Auto Insurance,Rio de Janeiro,0
Nurturing,Trade Show,2025-11-21,6521435,Retail,Cyber Liability Insurance,Rio de Janeiro,0
Working,Referral,2025-01-30,1543156,Retail,Fleet Auto Insurance,Rio Grande do Sul,0
New,Trade Show,2025-02-02,3431821,Financial Services,Cyber Liability Insurance,Bahia,0
Working,Partner,2025-10-23,744690,Retail,Commercial Property,Rio Grande do Sul,0
Closed - Not Converted,LinkedIn,2025-07-12,2534144,Insurance,Commercial Property,Bahia,0
New,Trade Show,2025-06-11,7914519,Financial Services,Group Health Insurance,Parana,0
Working,Partner,2025-05-30,1598949,Insurance,Pension Fund Management,Bahia,0
Working,Web,2025-01-05,13029774,Financial Services,Cyber Liability Insurance,Parana,0
New,Cold Call,2025-08-25,1111168,Retail,Group Health Insurance,Minas Gerais,0
Working,Cold Call,2025-02-26,26236303,Financial Services,Pension Fund Management,Distrito Federal,0
Nurturing,Partner,2025-06-12,952639,Insurance,Directors & Officers (D&O),Santa Catarina,0
Working,LinkedIn,2025-01-06,1991274,Insurance,Pension Fund Management,Minas Gerais,0
Working,Web,2025-04-26,4678759,Financial Services,Directors & Officers (D&O),Rio de Janeiro,0
Closed - Converted,Cold Call,2025-08-15,19521117,Financial Services,Corporate Life Insurance,Rio Grande do Sul,1
New,LinkedIn,2025-06-28,14483796,Financial Services,Commercial Property,Minas Gerais,0
Working,Web,2025-04-15,16250875,Financial Services,Directors & Officers (D&O),Sao Paulo,0
New,Trade Show,2025-04-08,1900003,Financial Services,Fleet Auto Insurance,Sao Paulo,0
Closed - Converted,Referral,2025-02-18,10124626,Banking,Group Health Insurance,Parana,1
New,LinkedIn,2025-08-06,20931316,Financial Services,Pension Fund Management,Parana,0
Closed - Converted,Partner,2025-09-12,14960500,Financial Services,Commercial Property,Bahia,1
New,Cold Call,2025-06-12,19081694,Financial Services,Pension Fund Management,Santa Catarina,0
Closed - Not Converted,Referral,2025-07-06,534882,Insurance,Cyber Liability Insurance,Distrito Federal,0
Closed - Not Converted,LinkedIn,2025-11-08,1323564,Insurance,Corporate Life Insurance,Rio de Janeiro,0
Closed - Converted,LinkedIn,2025-11-27,6061977,Financial Services,Fleet Auto Insurance,Rio Grande do Sul,1
New,Trade Show,2025-04-01,11679180,Financial Services,Directors & Officers (D&O),Santa Catarina,0
Working,Trade Show,2025-11-25,2954589,Retail,Fleet Auto Insurance,Rio Grande do Sul,0
Working,Cold Call,2025-05-31,503317,Healthcare,Directors & Officers (D&O),Rio de Janeiro,0
Closed - Not Converted,Web,2025-09-27,53823306,Banking,Fleet Auto Insurance,Bahia,0
Working,Web,2025-05-09,1258390,Banking,Directors & Officers (D&O),Santa Catarina,0
New,Referral,2025-09-19,1058147,Insurance,Directors & Officers (D&O),Sao Paulo,0
Working,Cold Call,2025-06-18,1319904,Insurance,Directors & Officers (D&O),Rio de Janeiro,0
Nurturing,Web,2025-11-09,918580,Retail,Cyber Liability Insurance,Rio de Janeiro,0
New,Web,2025-03-07,370190,Insurance,Group Health Insurance,Bahia,0
Nurturing,Cold Call,2025-11-19,25291543,Financial Services,Commercial Property,Santa Catarina,0
Working,Partner,2025-07-26,47179448,Financial Services,Group Health Insurance,Santa Catarina,0
Working,Web,2025-03-01,192942,Retail,Cyber Liability Insurance,Santa Catarina,0
Nurturing,Partner,2025-06-12,8031142,Banking,Group Health Insurance,Parana,0
New,Referral,2025-09-25,1659066,Financial Services,Commercial Property,Rio de Janeiro,0
Closed - Converted,Referral,2025-01-10,17361610,Financial Services,Group Health Insurance,Parana,1
Closed - Converted,Trade Show,2025-03-23,5208556,Financial Services,Fleet Auto Insurance,Rio de Janeiro,1
Working,Referral,2025-02-13,8884192,Financial Services,Cyber Liability Insurance,Rio Grande do Sul,0
Working,Web,2025-10-05,8047396,Financial Services,Commercial Property,Sao Paulo,0
New,Partner,2025-04-28,14422060,Financial Services,Directors & Officers (D&O),Distrito Federal,0
New,LinkedIn,2025-07-24,319187,Retail,Pension Fund Management,Sao Paulo,0
New,Cold Call,2025-01-31,18521025,Banking,Group Health Insurance,Minas Gerais,0
New,Cold Call,2025-03-14,208622,Insurance,Commercial Property,Bahia,0
New,Partner,2025-04-18,932115,Healthcare,Corporate Life Insurance,Rio Grande do Sul,0
Closed - Not Converted,Trade Show,2025-09-03,5195438,Banking,Directors & Officers (D&O),Santa Catarina,0
New,Web,2025-09-15,10831040,Financial Services,Cyber Liability Insurance,Parana,0
Closed - Converted,Web,2025-11-10,6369120,Financial Services,Commercial Property,Bahia,1
New,Partner,2025-08-17,14858968,Financial Services,Corporate Life Insurance,Rio Grande do Sul,0
Working,Referral,2025-11-17,19283237,Financial Services,Corporate Life Insurance,Bahia,0
Nurturing,Partner,2025-10-28,11294414,Financial Services,Group Health Insurance,Parana,0
Closed - Converted,Web,2025-01-21,8472785,Insurance,Corporate Life Insurance,Bahia,1
Working,Cold Call,2025-04-20,8111687,Insurance,Cyber Liability Insurance,Santa Catarina,0
Closed - Converted,Web,2025-05-03,28582629,Financial Services,Fleet Auto Insurance,Bahia,1
Closed - Not Converted,Trade Show,2025-06-18,4139571,Banking,Pension Fund Management,Bahia,0
Working,Referral,2025-06-13,4817124,Financial Services,Fleet Auto Insurance,Distrito Federal,0
Closed - Converted,Cold Call,2025-04-02,15721976,Financial Services,Group Health Insurance,Minas Gerais,1
New,Cold Call,2025-09-29,4441354,Financial Services,Directors & Officers (D&O),Bahia,0
Closed - Not Converted,Partner,2025-01-17,5233326,Financial Services,Corporate Life Insurance,Sao Paulo,0
New,Web,2025-10-24,8313693,Financial Services,Cyber Liability Insurance,Distrito Federal,0
New,LinkedIn,2025-04-07,4643606,Financial Services,Commercial Property,Rio de Janeiro,0
Closed - Converted,LinkedIn,2025-05-28,55592568,Financial Services,Corporate Life Insurance,Rio Grande do Sul,1
New,Cold Call,2025-10-24,1331445,Retail,Corporate Life Insurance,Santa Catarina,0
Working,Trade Show,2025-04-29,12054186,Financial Services,Commercial Property,Sao Paulo,0
Working,Partner,2025-07-24,599895,Insurance,Directors & Officers (D&O),Bahia,0
New,Referral,2025-04-12,5485934,Financial Services,Commercial Property,Parana,0
New,Trade Show,2025-09-25,15472132,Financial Services,Directors & Officers (D&O),Rio de Janeiro,0
New,Referral,2025-01-07,1702697,Banking,Cyber Liability Insurance,Distrito Federal,0
Working,Referral,2025-02-14,18675554,Financial Services,Commercial Property,Minas Gerais,0
Working,Web,2025-09-15,5327025,Financial Services,Pension Fund Management,Sao Paulo,0
New,LinkedIn,2025-08-30,67346,Insurance,Group Health Insurance,Sao Paulo,0
Closed - Not Converted,Referral,2025-02-05,1047491,Insurance,Fleet Auto Insurance,Bahia,0
Closed - Converted,Cold Call,2025-02-04,12747714,Financial Services,Directors & Officers (D&O),Rio Grande do Sul,1
New,LinkedIn,2025-07-01,6258194,Financial Services,Fleet Auto Insurance,Sao Paulo,0
Working,Partner,2025-10-29,4876059,Financial Services,Corporate Life Insurance,Parana,0
Working,LinkedIn,2025-10-27,898205,FinTech,Fleet Auto Insurance,Minas Gerais,0
Working,Cold Call,2025-09-20,1410946,FinTech,Directors & Officers (D&O),Sao Paulo,0
New,Web,2025-07-01,12608253,Financial Services,Corporate Life Insurance,Santa Catarina,0
New,Trade Show,2025-05-24,329216,Insurance,Corporate Life Insurance,Santa Catarina,0
Nurturing,Cold Call,2025-07-11,5116113,Financial Services,Group Health Insurance,Bahia,0
Working,LinkedIn,2025-05-15,27537959,Financial Services,Fleet Auto Insurance,Sao Paulo,0
New,Trade Show,2025-11-19,6925817,Financial Services,Corporate Life Insurance,Parana,0
New,Referral,2025-02-20,4397936,Healthcare,Fleet Auto Insurance,Santa Catarina,0
New,Referral,2025-10-08,17667613,Financial Services,Cyber Liability Insurance,Distrito Federal,0
Closed - Converted,LinkedIn,2025-04-26,615877,FinTech,Commercial Property,Santa Catarina,1
New,Partner,2025-02-27,20102684,Financial Services,Corporate Life Insurance,Distrito Federal,0
New,Trade Show,2025-03-02,281658,FinTech,Corporate Life Insurance,Bahia,0
New,Referral,2025-07-31,365552,Insurance,Pension Fund Management,Bahia,0
Working,Partner,2025-03-17,5440467,Banking,Group Health Insurance,Rio de Janeiro,0
New,Partner,2025-05-01,62705309,Financial Services,Pension Fund Management,Bahia,0
Closed - Converted,Web,2025-09-03,4726100,Financial Services,Corporate Life Insurance,Rio Grande do Sul,1
Closed - Converted,Trade Show,2025-09-25,1389972,Insurance,Group Health Insurance,Rio Grande do Sul,1
Working,Trade Show,2025-07-20,2070028,Insurance,Corporate Life Insurance,Santa Catarina,0
Closed - Converted,Web,2025-08-23,1670150,Healthcare,Cyber Liability Insurance,Minas Gerais,1
Working,Partner,2025-07-14,2130775,Insurance,Pension Fund Management,Rio Grande do Sul,0
Closed - Converted,Trade Show,2025-10-24,27198923,Financial Services,Directors & Officers (D&O),Parana,1
Closed - Converted,Partner,2025-03-28,18924631,Financial Services,Corporate Life Insurance,Sao Paulo,1
Nurturing,Referral,2025-02-10,1555427,Healthcare,Pension Fund Management,Minas Gerais,0
Nurturing,Referral,2025-10-28,8943346,Banking,Commercial Property,Minas Gerais,0
Working,Partner,2025-09-17,637722,Insurance,Corporate Life Insurance,Distrito Federal,0
Closed - Converted,Referral,2025-10-05,131435,Insurance,Commercial Property,Rio Grande do Sul,1
New,Referral,2025-11-10,5639882,Financial Services,Commercial Property,Santa Catarina,0
New,Cold Call,2025-11-11,4944520,Banking,Corporate Life Insurance,Minas Gerais,0
Closed - Converted,Web,2025-03-18,375872,FinTech,Cyber Liability Insurance,Rio de Janeiro,1
Closed - Converted,Cold Call,2025-11-16,12322583,Financial Services,Group Health Insurance,Rio Grande do Sul,1
Working,Trade Show,2025-05-06,35271784,Financial Services,Group Health Insurance,Sao Paulo,0
Nurturing,LinkedIn,2025-05-03,6576065,Insurance,Corporate Life Insurance,Sao Paulo,0
Working,Trade Show,2025-01-09,4759717,Financial Services,Group Health Insurance,Santa Catarina,0
Working,Cold Call,2025-07-13,8173078,Financial Services,Pension Fund Management,Sao Paulo,0
Closed - Converted,LinkedIn,2025-03-23,1340587,Insurance,Cyber Liability Insurance,Minas Gerais,1
New,Web,2025-03-31,4481594,Financial Services,Commercial Property,Minas Gerais,0
New,Trade Show,2025-01-18,1903359,Insurance,Fleet Auto Insurance,Rio Grande do Sul,0
Closed - Not Converted,Trade Show,2025-07-23,288299,Insurance,Pension Fund Management,Rio Grande do Sul,0
New,Web,2025-11-16,4068707,Financial Services,Pension Fund Management,Parana,0
New,Trade Show,2025-10-13,5110369,Insurance,Group Health Insurance,Parana,0
Closed - Converted,LinkedIn,2025-09-10,6827249,Financial Services,Fleet Auto Insurance,Sao Paulo,1
Closed - Not Converted,LinkedIn,2025-10-29,1262180,Insurance,Pension Fund Management,Distrito Federal,0
Closed - Converted,Partner,2025-09-20,5031464,Financial Services,Corporate Life Insurance,Bahia,1
New,Web,2025-07-18,505686,Insurance,Directors & Officers (D&O),Rio Grande do Sul,0
Nurturing,Partner,2025-08-13,1282303,Banking,Group Health Insurance,Santa Catarina,0
New,Referral,2025-08-16,2104672,Banking,Commercial Property,Sao Paulo,0
New,Partner,2025-04-24,4768734,Financial Services,Group Health Insurance,Parana,0
Closed - Converted,Referral,2025-10-05,20882754,Financial Services,Cyber Liability Insurance,Santa Catarina,1
Closed - Converted,Trade Show,2025-06-30,28425080,Banking,Fleet Auto Insurance,Rio de Janeiro,1
Closed - Converted,Partner,2025-07-19,2367922,Insurance,Corporate Life Insurance,Distrito Federal,1
New,Web,2025-06-01,7781883,Financial Services,Corporate Life Insurance,Distrito Federal,0
Working,Referral,2025-01-06,1481911,Banking,Corporate Life Insurance,Bahia,0
Closed - Converted,Cold Call,2025-10-29,1362521,FinTech,Directors & Officers (D&O),Parana,1
Working,Partner,2025-06-28,1750348,Insurance,Pension Fund Management,Parana,0
New,Partner,2025-03-02,4680183,Insurance,Pension Fund Management,Rio de Janeiro,0
Working,Web,2025-06-07,632086,Insurance,Directors & Officers (D&O),Sao Paulo,0
Closed - Not Converted,Partner,2025-07-15,847945,FinTech,Group Health Insurance,Bahia,0
New,Cold Call,2025-10-14,68596334,Financial Services,Commercial Property,Parana,0
Working,Web,2025-02-18,918544,Insurance,Directors & Officers (D&O),Bahia,0
Working,LinkedIn,2025-07-20,753094,Insurance,Directors & Officers (D&O),Rio Grande do Sul,0
Working,Cold Call,2025-03-02,4042859,Insurance,Corporate Life Insurance,Bahia,0
Working,Cold Call,2025-08-29,1327003,Insurance,Cyber Liability Insurance,Sao Paulo,0
New,Cold Call,2025-09-15,27611959,Financial Services,Commercial Property,Bahia,0
Nurturing,Partner,2025-11-05,32195228,Financial Services,Cyber Liability Insurance,Parana,0
Nurturing,Web,2025-08-02,6248858,Financial Services,Commercial Property,Parana,0
Closed - Converted,Referral,2025-06-14,637019,Insurance,Pension Fund Management,Sao Paulo,1
Working,Web,2025-06-18,4152221,Financial Services,Fleet Auto Insurance,Santa Catarina,0
Closed - Converted,Cold Call,2025-04-04,9204262,Financial Services,Pension Fund Management,Sao Paulo,1
Closed - Converted,Trade Show,2025-06-04,25033917,Financial Services,Cyber Liability Insurance,Parana,1
Working,Referral,2025-08-14,5779748,Insurance,Fleet Auto Insurance,Bahia,0
Working,LinkedIn,2025-01-23,6089667,Financial Services,Commercial Property,Sao Paulo,0
Working,Trade Show,2025-10-23,17686347,Financial Services,Directors & Officers (D&O),Parana,0
Closed - Converted,Web,2025-04-30,1401970,Insurance,Group Health Insurance,Rio de Janeiro,1
Nurturing,Trade Show,2025-01-11,182837620,Financial Services,Pension Fund Management,Sao Paulo,0
New,LinkedIn,2025-09-03,282105,Insurance,Pension Fund Management,Rio de Janeiro,0
Working,Trade Show,2025-04-20,55936822,Financial Services,Fleet Auto Insurance,Rio de Janeiro,0
Closed - Converted,Referral,2025-06-21,574153,Insurance,Fleet Auto Insurance,Distrito Federal,1
Closed - Converted,Partner,2025-08-16,5471728,Healthcare,Fleet Auto Insurance,Sao Paulo,1
Working,Referral,2025-10-26,5401171,Financial Services,Directors & Officers (D&O),Rio Grande do Sul,0
New,Referral,2025-03-06,14670834,Financial Services,Commercial Property,Rio de Janeiro,0
Working,Trade Show,2025-04-12,7860061,Banking,Group Health Insurance,Rio Grande do Sul,0
Closed - Converted,Trade Show,2025-01-30,3984581,Insurance,Directors & Officers (D&O),Rio de Janeiro,1
New,Cold Call,2025-01-02,1551130,Insurance,Cyber Liability Insurance,Distrito Federal,0
Closed - Converted,LinkedIn,2025-05-20,15136506,Banking,Commercial Property,Rio Grande do Sul,1
Working,Trade Show,2025-08-16,2423398,Insurance,Group Health Insurance,Sao Paulo,0
New,Cold Call,2025-05-11,6504177,Financial Services,Directors & Officers (D&O),Parana,0
New,LinkedIn,2025-08-30,15529298,Financial Services,Pension Fund Management,Bahia,0
Closed - Converted,Web,2025-07-09,765320,Insurance,Fleet Auto Insurance,Bahia,1
Nurturing,Trade Show,2025-08-10,387033,Insurance,Fleet Auto Insurance,Santa Catarina,0
Nurturing,Cold Call,2025-09-17,914347,Insurance,Directors & Officers (D&O),Santa Catarina,0
Closed - Converted,Trade Show,2025-11-11,1119085,Financial Services,Commercial Property,Rio de Janeiro,1
Closed - Converted,Partner,2025-07-27,11249955,Financial Services,Cyber Liability Insurance,Distrito Federal,1
Working,Web,2025-04-13,6030388,Financial Services,Commercial Property,Rio de Janeiro,0
New,Web,2025-04-27,3556725,Insurance,Fleet Auto Insurance,Distrito Federal,0
New,Web,2025-09-28,3078142,Financial Services,Corporate Life Insurance,Rio Grande do Sul,0
Working,Referral,2025-11-20,1028570,FinTech,Fleet Auto Insurance,Rio Grande do Sul,0
New,Referral,2025-09-22,1972276,FinTech,Corporate Life Insurance,Bahia,0
Working,LinkedIn,2025-05-24,6244870,Financial Services,Cyber Liability Insurance,Minas Gerais,0
New,Referral,2025-08-21,1588539,Insurance,Group Health Insurance,Santa Catarina,0
Nurturing,Cold Call,2025-02-05,1929274,FinTech,Corporate Life Insurance,Rio de Janeiro,0
Closed - Not Converted,Partner,2025-09-08,1781155,FinTech,Corporate Life Insurance,Minas Gerais,0
Closed - Converted,Trade Show,2025-03-12,1119719,Insurance,Directors & Officers (D&O),Santa Catarina,1
Closed - Converted,Cold Call,2025-03-31,8656804,Insurance,Commercial Property,Rio Grande do Sul,1
Working,Cold Call,2025-05-07,3438252,Healthcare,Pension Fund Management,Bahia,0
Closed - Not Converted,Referral,2025-01-21,2636414,Financial Services,Cyber Liability Insurance,Sao Paulo,0
Working,LinkedIn,2025-10-21,3659303,Insurance,Cyber Liability Insurance,Minas Gerais,0
New,Cold Call,2025-05-09,6452924,FinTech,Group Health Insurance,Minas Gerais,0
Working,Partner,2025-04-13,1057161,Insurance,Directors & Officers (D&O),Rio de Janeiro,0
New,Web,2025-10-13,3244058,Insurance,Commercial Property,Distrito Federal,0
New,Referral,2025-11-13,1227175,Financial Services,Pension Fund Management,Santa Catarina,0
New,Referral,2025-01-09,2506398,Insurance,Fleet Auto Insurance,Distrito Federal,0
Working,Referral,2025-03-31,1656413,FinTech,Fleet Auto Insurance,Parana,0
New,LinkedIn,2025-07-26,2774481,Healthcare,Corporate Life Insurance,Minas Gerais,0
Working,LinkedIn,2025-03-19,19190487,Financial Services,Directors & Officers (D&O),Santa Catarina,0
Closed - Converted,LinkedIn,2025-06-14,6046983,Financial Services,Corporate Life Insurance,Santa Catarina,1
New,Cold Call,2025-08-03,553969,Insurance,Cyber Liability Insurance,Distrito Federal,0
Closed - Converted,Web,2025-01-20,5670487,Financial Services,Commercial Property,Santa Catarina,1
Working,LinkedIn,2025-09-08,5072979,Insurance,Directors & Officers (D&O),Rio de Janeiro,0
Closed - Converted,Referral,2025-05-01,2506877,Healthcare,Cyber Liability Insurance,Sao Paulo,1
New,LinkedIn,2025-03-27,5519989,Banking,Pension Fund Management,Rio Grande do Sul,0
Working,Web,2025-04-25,844589,FinTech,Pension Fund Management,Minas Gerais,0
Working,Referral,2025-06-02,1656403,Insurance,Corporate Life Insurance,Rio de Janeiro,0
Closed - Converted,Partner,2025-04-29,24698485,Financial Services,Corporate Life Insurance,Bahia,1
Working,LinkedIn,2025-02-01,246729,FinTech,Fleet Auto Insurance,Distrito Federal,0
New,Web,2025-07-30,3364628,Insurance,Directors & Officers (D&O),Rio Grande do Sul,0
New,Web,2025-08-15,4225545,Retail,Cyber Liability Insurance,Minas Gerais,0
Working,Trade Show,2025-04-18,29239405,Financial Services,Directors & Officers (D&O),Sao Paulo,0
Nurturing,Trade Show,2025-04-05,1740944,Financial Services,Fleet Auto Insurance,Rio de Janeiro,0
Closed - Converted,Cold Call,2025-01-31,4020783,Insurance,Directors & Officers (D&O),Sao Paulo,1
New,LinkedIn,2025-08-03,735052,Insurance,Fleet Auto Insurance,Sao Paulo,0
Working,Web,2025-02-15,646557,Insurance,Directors & Officers (D&O),Parana,0
New,Cold Call,2025-04-23,249487,Insurance,Group Health Insurance,Santa Catarina,0
Working,LinkedIn,2025-01-13,4850561,Financial Services,Corporate Life Insurance,Distrito Federal,0
Working,Partner,2025-01-03,36320053,Banking,Cyber Liability Insurance,Parana,0
New,Web,2025-07-31,2481755,Insurance,Directors & Officers (D&O),Parana,0
New,Web,2025-05-04,3711804,Insurance,Fleet Auto Insurance,Bahia,0
Working,Web,2025-02-19,1383172,Retail,Group Health Insurance,Rio de Janeiro,0
Working,Cold Call,2025-06-03,813577,FinTech,Fleet Auto Insurance,Bahia,0
Working,LinkedIn,2025-07-22,7223710,Financial Services,Fleet Auto Insurance,Distrito Federal,0
New,Web,2025-04-29,160726,Insurance,Fleet Auto Insurance,Rio Grande do Sul,0
Working,Referral,2025-10-10,4601848,Financial Services,Commercial Property,Distrito Federal,0
Working,Trade Show,2025-07-23,1381465,Insurance,Cyber Liability Insurance,Minas Gerais,0
Working,Partner,2025-08-06,148383,Healthcare,Pension Fund Management,Rio de Janeiro,0
Working,Web,2025-01-13,18636931,Financial Services,Directors & Officers (D&O),Bahia,0
Nurturing,Trade Show,2025-05-17,5635111,Financial Services,Fleet Auto Insurance,Parana,0
Working,Cold Call,2025-05-29,2065861,Insurance,Directors & Officers (D&O),Distrito Federal,0
Closed - Converted,LinkedIn,2025-11-12,1939820,Insurance,Pension Fund Management,Santa Catarina,1
Closed - Converted,Cold Call,2025-07-31,16506152,Banking,Cyber Liability Insurance,Parana,1
New,LinkedIn,2025-04-17,2444588,Insurance,Pension Fund Management,Santa Catarina,0
Working,Cold Call,2025-02-05,30431103,Financial Services,Cyber Liability Insurance,Santa Catarina,0
Closed - Converted,Referral,2025-04-06,14085247,Banking,Cyber Liability Insurance,Rio Grande do Sul,1
Closed - Not Converted,Web,2025-06-09,418520,Healthcare,Directors & Officers (D&O),Minas Gerais,0
Working,Partner,2025-11-08,596718,Insurance,Cyber Liability Insurance,Bahia,0
Closed - Not Converted,Referral,2025-10-23,4163657,Financial Services,Group Health Insurance,Rio de Janeiro,0
Closed - Converted,Referral,2025-08-25,547380,Insurance,Commercial Property,Bahia,1
Working,Partner,2025-05-13,10455564,Financial Services,Pension Fund Management,Rio Grande do Sul,0
New,Cold Call,2025-11-20,242247,Insurance,Fleet Auto Insurance,Sao Paulo,0
New,Cold Call,2025-05-27,7430967,Financial Services,Corporate Life Insurance,Santa Catarina,0
New,Cold Call,2025-07-03,3017918,Healthcare,Cyber Liability Insurance,Rio de Janeiro,0
New,Partner,2025-01-18,77416307,Financial Services,Corporate Life Insurance,Minas Gerais,0
Closed - Converted,LinkedIn,2025-06-07,1193849,Healthcare,Cyber Liability Insurance,Santa Catarina,1
Closed - Not Converted,Web,2025-03-27,833906,Insurance,Group Health Insurance,Rio de Janeiro,0
New,Web,2025-08-22,13552930,Banking,Commercial Property,Minas Gerais,0
New,Partner,2025-05-19,3178098,Financial Services,Group Health Insurance,Rio Grande do Sul,0
Nurturing,LinkedIn,2025-11-10,5344989,Banking,Corporate Life Insurance,Rio de Janeiro,0
Closed - Converted,LinkedIn,2025-01-28,1256269,Insurance,Cyber Liability Insurance,Distrito Federal,1
New,Referral,2025-10-10,5109072,Financial Services,Corporate Life Insurance,Rio Grande do Sul,0
Closed - Converted,Partner,2025-08-09,2476798,Insurance,Pension Fund Management,Bahia,1
New,Cold Call,2025-06-18,14429234,Financial Services,Group Health Insurance,Distrito Federal,0
Closed - Converted,Web,2025-03-30,1793229,Financial Services,Cyber Liability Insurance,Minas Gerais,1
Closed - Converted,Cold Call,2025-11-16,7520515,Financial Services,Cyber Liability Insurance,Bahia,1
Working,Referral,2025-02-06,10786580,Financial Services,Group Health Insurance,Sao Paulo,0
Working,Web,2025-06-23,2201627,Insurance,Cyber Liability Insurance,Rio de Janeiro,0
New,Cold Call,2025-01-19,104470122,Financial Services,Commercial Property,Distrito Federal,0
Nurturing,LinkedIn,2025-10-11,11694350,Financial Services,Commercial Property,Santa Catarina,0
New,Web,2025-02-10,21581709,Banking,Group Health Insurance,Rio Grande do Sul,0
New,Web,2025-02-06,39004860,Banking,Fleet Auto Insurance,Minas Gerais,0
Closed - Not Converted,Trade Show,2025-11-16,228381,FinTech,Corporate Life Insurance,Santa Catarina,0
Closed - Converted,Partner,2025-01-13,20251928,Banking,Group Health Insurance,Rio Grande do Sul,1
Working,Referral,2025-06-19,3828198,Banking,Group Health Insurance,Sao Paulo,0
New,Partner,2025-03-14,45641704,Financial Services,Corporate Life Insurance,Santa Catarina,0
Working,Partner,2025-08-03,912425,Insurance,Corporate Life Insurance,Bahia,0
Working,Cold Call,2025-01-06,20642881,Financial Services,Fleet Auto Insurance,Rio Grande do Sul,0
New,Referral,2025-06-04,1863355,Banking,Directors & Officers (D&O),Minas Gerais,0
New,Cold Call,2025-04-15,4230543,Financial Services,Commercial Property,Minas Gerais,0
New,Trade Show,2025-01-24,13197045,Banking,Cyber Liability Insurance,Santa Catarina,0
New,Referral,2025-09-24,24125244,Financial Services,Group Health Insurance,Distrito Federal,0
Closed - Converted,Trade Show,2025-10-01,3563388,FinTech,Cyber Liability Insurance,Distrito Federal,1
Closed - Not Converted,LinkedIn,2025-04-21,9525422,Banking,Fleet Auto Insurance,Rio Grande do Sul,0
Working,LinkedIn,2025-03-25,5693348,Insurance,Pension Fund Management,Distrito Federal,0
Working,LinkedIn,2025-03-21,5681970,Insurance,Group Health Insurance,Rio Grande do Sul,0
Closed - Converted,Cold Call,2025-03-29,13190729,Financial Services,Fleet Auto Insurance,Parana,1
Closed - Converted,Web,2025-10-12,128762183,Financial Services,Group Health Insurance,Parana,1
Nurturing,Trade Show,2025-07-21,970664,FinTech,Group Health Insurance,Parana,0
New,Trade Show,2025-01-13,402586,Insurance,Directors & Officers (D&O),Rio de Janeiro,0
Closed - Converted,Trade Show,2025-08-09,2430847,Banking,Directors & Officers (D&O),Rio Grande do Sul,1
New,Web,2025-10-18,2833673,FinTech,Commercial Property,Minas Gerais,0
Working,Trade Show,2025-07-16,16615331,Banking,Corporate Life Insurance,Parana,0
Nurturing,Cold Call,2025-06-16,5135224,Financial Services,Corporate Life Insurance,Rio de Janeiro,0
Working,Web,2025-09-10,19431273,Financial Services,Corporate Life Insurance,Santa Catarina,0
Closed - Converted,Cold Call,2025-01-25,355378,Healthcare,Pension Fund Management,Rio Grande do Sul,1
Closed - Not Converted,Partner,2025-11-08,2339139,Insurance,Corporate Life Insurance,Rio Grande do Sul,0
New,Web,2025-05-29,747864,Insurance,Group Health Insurance,Rio de Janeiro,0
New,Trade Show,2025-06-09,5246735,Financial Services,Commercial Property,Sao Paulo,0
Working,Web,2025-10-19,833747,Insurance,Group Health Insurance,Minas Gerais,0
Working,Web,2025-06-20,4297090,Financial Services,Group Health Insurance,Minas Gerais,0
Closed - Converted,Cold Call,2025-09-03,1952784,FinTech,Group Health Insurance,Minas Gerais,1
Closed - Not Converted,Trade Show,2025-05-23,2871998,Financial Services,Commercial Property,Minas Gerais,0
Closed - Not Converted,Referral,2025-04-17,3369624,Banking,Pension Fund Management,Bahia,0
New,Referral,2025-09-30,323446,FinTech,Fleet Auto Insurance,Distrito Federal,0
New,LinkedIn,2025-10-03,12072136,Financial Services,Fleet Auto Insurance,Sao Paulo,0
New,Web,2025-08-01,1799643,Retail,Group Health Insurance,Minas Gerais,0
New,Web,2025-03-02,5658002,Banking,Fleet Auto Insurance,Distrito Federal,0
New,Partner,2025-11-04,292033,Insurance,Group Health Insurance,Minas Gerais,0
Closed - Converted,LinkedIn,2025-04-22,104021839,Financial Services,Cyber Liability Insurance,Sao Paulo,1
Working,LinkedIn,2025-06-06,4518124,Financial Services,Fleet Auto Insurance,Minas Gerais,0
Closed - Not Converted,Partner,2025-06-27,1584761,Insurance,Cyber Liability Insurance,Santa Catarina,0
Closed - Converted,LinkedIn,2025-03-04,226545,Insurance,Corporate Life Insurance,Sao Paulo,1
Nurturing,Referral,2025-06-29,369447,Insurance,Pension Fund Management,Minas Gerais,0
New,LinkedIn,2025-03-16,9683993,Financial Services,Cyber Liability Insurance,Minas Gerais,0
Closed - Converted,Cold Call,2025-11-10,18288212,Banking,Fleet Auto Insurance,Sao Paulo,1
Nurturing,LinkedIn,2025-10-22,2395170,Financial Services,Cyber Liability Insurance,Minas Gerais,0
Working,Partner,2025-08-07,1666370,Insurance,Cyber Liability Insurance,Sao Paulo,0
New,Partner,2025-03-26,1827354,Retail,Directors & Officers (D&O),Distrito Federal,0
New,LinkedIn,2025-04-14,76992016,Financial Services,Fleet Auto Insurance,Rio Grande do Sul,0
Nurturing,Cold Call,2025-11-26,1565806,Retail,Commercial Property,Distrito Federal,0
Nurturing,Trade Show,2025-10-12,3396146,Insurance,Commercial Property,Sao Paulo,0
New,LinkedIn,2025-02-08,2358280,Insurance,Corporate Life Insurance,Sao Paulo,0
Working,Trade Show,2025-07-04,81195718,Financial Services,Pension Fund Management,Minas Gerais,0
Working,Cold Call,2025-03-18,17138677,Financial Services,Directors & Officers (D&O),Minas Gerais,0
New,Cold Call,2025-04-23,49065824,Banking,Pension Fund Management,Distrito Federal,0
Nurturing,Partner,2025-10-01,594040,Insurance,Cyber Liability Insurance,Bahia,0
Closed - Converted,Web,2025-06-12,40041066,Banking,Commercial Property,Minas Gerais,1
Working,Trade Show,2025-03-06,396328,Insurance,Fleet Auto Insurance,Distrito Federal,0
New,Cold Call,2025-02-12,6586670,Banking,Cyber Liability Insurance,Sao Paulo,0
New,LinkedIn,2025-06-05,254424,Insurance,Fleet Auto Insurance,Sao Paulo,0
Working,Referral,2025-07-26,8037157,Insurance,Corporate Life Insurance,Rio Grande do Sul,0
New,LinkedIn,2025-02-07,291688,FinTech,Commercial Property,Distrito Federal,0
Nurturing,Cold Call,2025-09-27,1473859,Retail,Pension Fund Management,Bahia,0
New,LinkedIn,2025-03-11,13496178,Financial Services,Commercial Property,Sao Paulo,0
Working,Partner,2025-03-30,3635374,Financial Services,Corporate Life Insurance,Distrito Federal,0
Working,Web,2025-03-10,3613848,FinTech,Fleet Auto Insurance,Bahia,0
Working,Web,2025-05-15,3804701,Insurance,Commercial Property,Parana,0
Working,Partner,2025-06-02,7904716,Financial Services,Group Health Insurance,Santa Catarina,0
New,Trade Show,2025-08-09,1055680,Healthcare,Cyber Liability Insurance,Rio de Janeiro,0
Closed - Converted,Partner,2025-08-04,3582903,Insurance,Pension Fund Management,Rio de Janeiro,1
Nurturing,Referral,2025-05-12,18424519,Financial Services,Directors & Officers (D&O),Rio de Janeiro,0
Working,Cold Call,2025-05-20,2159574,Financial Services,Directors & Officers (D&O),Parana,0
Working,Trade Show,2025-01-18,929539,FinTech,Cyber Liability Insurance,Sao Paulo,0
Closed - Not Converted,Referral,2025-06-25,11831960,Financial Services,Cyber Liability Insurance,Bahia,0
Nurturing,Cold Call,2025-08-05,8346897,Financial Services,Commercial Property,Distrito Federal,0
Closed - Converted,LinkedIn,2025-02-24,11712852,Financial Services,Cyber Liability Insurance,Parana,1
Working,Trade Show,2025-06-12,399446,Healthcare,Corporate Life Insurance,Bahia,0
Closed - Converted,Trade Show,2025-11-13,914895,Healthcare,Fleet Auto Insurance,Santa Catarina,1
New,Cold Call,2025-11-22,13876922,Financial Services,Pension Fund Management,Distrito Federal,0
Closed - Not Converted,Web,2025-01-11,89588238,Financial Services,Commercial Property,Minas Gerais,0
New,Trade Show,2025-01-31,1662995,Healthcare,Directors & Officers (D&O),Minas Gerais,0
Nurturing,LinkedIn,2025-06-27,4608105,Financial Services,Group Health Insurance,Rio de Janeiro,0
New,LinkedIn,2025-05-14,3942595,Financial Services,Pension Fund Management,Parana,0
Closed - Converted,LinkedIn,2025-10-29,6672829,Financial Services,Group Health Insurance,Minas Gerais,1
Closed - Converted,Web,2025-10-02,1756857,Financial Services,Cyber Liability Insurance,Rio Grande do Sul,1
Working,Cold Call,2025-02-16,4560976,Financial Services,Fleet Auto Insurance,Minas Gerais,0
Working,Referral,2025-10-10,2075887,Financial Services,Pension Fund Management,Bahia,0
New,Partner,2025-10-21,35187242,Financial Services,Fleet Auto Insurance,Parana,0
New,Web,2025-08-16,798985,FinTech,Corporate Life Insurance,Santa Catarina,0
Closed - Converted,Cold Call,2025-01-28,917358,Insurance,Cyber Liability Insurance,Minas Gerais,1
New,Web,2025-07-03,4100230,FinTech,Commercial Property,Minas Gerais,0
Nurturing,Referral,2025-11-11,3304086,Insurance,Cyber Liability Insurance,Distrito Federal,0
Working,Web,2025-06-01,687170,Insurance,Pension Fund Management,Distrito Federal,0
Working,Referral,2025-02-25,9106119,Financial Services,Corporate Life Insurance,Parana,0
Closed - Converted,Cold Call,2025-05-03,1018091,FinTech,Directors & Officers (D&O),Sao Paulo,1
Closed - Converted,Cold Call,2025-03-11,6366921,Financial Services,Commercial Property,Parana,1
New,LinkedIn,2025-07-27,696033,Healthcare,Commercial Property,Minas Gerais,0
New,Web,2025-02-01,10366634,Financial Services,Directors & Officers (D&O),Rio Grande do Sul,0
Working,Referral,2025-01-18,2529653,FinTech,Corporate Life Insurance,Sao Paulo,0
Working,Cold Call,2025-07-07,421798,Insurance,Group Health Insurance,Parana,0
Working,Referral,2025-05-28,310464,Insurance,Corporate Life Insurance,Rio de Janeiro,0
Closed - Converted,Trade Show,2025-09-18,13168189,Financial Services,Directors & Officers (D&O),Santa Catarina,1
Closed - Not Converted,Partner,2025-03-18,1726511,Retail,Group Health Insurance,Santa Catarina,0
Closed - Not Converted,LinkedIn,2025-08-20,8144286,Insurance,Directors & Officers (D&O),Minas Gerais,0
Closed - Converted,Web,2025-01-11,5668669,FinTech,Pension Fund Management,Santa Catarina,1
Closed - Converted,Referral,2025-07-26,1332874,Insurance,Group Health Insurance,Sao Paulo,1
Working,Cold Call,2025-01-19,4180271,Financial Services,Fleet Auto Insurance,Parana,0
Closed - Converted,Partner,2025-05-26,7446839,Financial Services,Pension Fund Management,Parana,1
Closed - Converted,Cold Call,2025-01-24,482410,Insurance,Corporate Life Insurance,Distrito Federal,1
Working,Web,2025-04-15,4472717,Financial Services,Commercial Property,Bahia,0
Closed - Converted,Cold Call,2025-07-15,1150643,Banking,Commercial Property,Sao Paulo,1
Closed - Converted,Partner,2025-10-29,12325883,Financial Services,Corporate Life Insurance,Rio Grande do Sul,1
New,Partner,2025-02-15,34760007,Financial Services,Cyber Liability Insurance,Rio de Janeiro,0
Working,Partner,2025-04-09,10681117,Financial Services,Commercial Property,Bahia,0
Closed - Converted,Partner,2025-09-21,3003380,Financial Services,Group Health Insurance,Bahia,1
Working,Cold Call,2025-08-19,3762308,Financial Services,Pension Fund Management,Minas Gerais,0
Closed - Not Converted,Referral,2025-04-22,2656973,Insurance,Fleet Auto Insurance,Distrito Federal,0
Nurturing,LinkedIn,2025-08-06,5599792,Financial Services,Fleet Auto Insurance,Rio de Janeiro,0
Nurturing,Web,2025-11-19,16826471,Insurance,Directors & Officers (D&O),Santa Catarina,0
New,LinkedIn,2025-08-08,1007393,Insurance,Pension Fund Management,Sao Paulo,0
Working,Web,2025-06-20,4960160,Financial Services,Fleet Auto Insurance,Rio Grande do Sul,0
Closed - Converted,LinkedIn,2025-05-28,11707991,Financial Services,Group Health Insurance,Minas Gerais,1
Working,Web,2025-07-07,1163316,Insurance,Corporate Life Insurance,Bahia,0
New,Cold Call,2025-04-23,474259,Insurance,Commercial Property,Sao Paulo,0
Working,Web,2025-06-19,1577431,Insurance,Pension Fund Management,Santa Catarina,0
Working,Cold Call,2025-05-29,12773220,Financial Services,Directors & Officers (D&O),Distrito Federal,0
Closed - Converted,Trade Show,2025-05-10,759990,Retail,Group Health Insurance,Parana,1
Working,Referral,2025-08-05,507568,Insurance,Directors & Officers (D&O),Sao Paulo,0
New,Referral,2025-06-04,568466,Retail,Commercial Property,Parana,0
Nurturing,LinkedIn,2025-10-27,8244218,Banking,Directors & Officers (D&O),Minas Gerais,0
Nurturing,Trade Show,2025-07-27,17623018,Financial Services,Corporate Life Insurance,Bahia,0
Working,Trade Show,2025-06-01,13300921,Banking,Directors & Officers (D&O),Parana,0
Working,Trade Show,2025-11-24,23201208,FinTech,Pension Fund Management,Santa Catarina,0
New,Cold Call,2025-01-16,10451911,Financial Services,Commercial Property,Minas Gerais,0
Closed - Not Converted,Referral,2025-08-20,2215419,Insurance,Commercial Property,Santa Catarina,0
Closed - Not Converted,Cold Call,2025-10-10,4035655,Financial Services,Fleet Auto Insurance,Bahia,0
Closed - Converted,Trade Show,2025-01-22,14515731,Financial Services,Cyber Liability Insurance,Minas Gerais,1
New,Trade Show,2025-08-16,1943352,Insurance,Group Health Insurance,Distrito Federal,0
Closed - Converted,Cold Call,2025-08-03,5191700,Banking,Commercial Property,Parana,1
Closed - Converted,Partner,2025-08-11,2551657,Insurance,Directors & Officers (D&O),Distrito Federal,1
Closed - Converted,Web,2025-06-02,275899,Healthcare,Corporate Life Insurance,Santa Catarina,1
Closed - Converted,Trade Show,2025-03-17,352018,Healthcare,Commercial Property,Sao Paulo,1
Closed - Converted,LinkedIn,2025-10-15,8940772,Financial Services,Cyber Liability Insurance,Minas Gerais,1
Working,Partner,2025-01-03,1491811,Financial Services,Fleet Auto Insurance,Rio Grande do Sul,0
Working,Trade Show,2025-07-16,96772271,Banking,Corporate Life Insurance,Distrito Federal,0
Closed - Converted,Cold Call,2025-07-05,531146,Insurance,Cyber Liability Insurance,Rio de Janeiro,1
Nurturing,Partner,2025-02-22,26053478,Financial Services,Cyber Liability Insurance,Minas Gerais,0
Closed - Converted,Cold Call,2025-03-08,800319,Insurance,Commercial Property,Rio Grande do Sul,1
Closed - Not Converted,Referral,2025-09-14,6873172,Financial Services,Pension Fund Management,Parana,0
Working,Partner,2025-10-14,2541405,Financial Services,Group Health Insurance,Rio Grande do Sul,0
Closed - Converted,Trade Show,2025-11-11,71359242,Banking,Group Health Insurance,Sao Paulo,1
Working,LinkedIn,2025-07-17,11566187,Financial Services,Cyber Liability Insurance,Distrito Federal,0
Closed - Converted,Partner,2025-03-22,7139163,Financial Services,Corporate Life Insurance,Bahia,1
Working,Cold Call,2025-10-20,1968037,Financial Services,Commercial Property,Distrito Federal,0
Closed - Converted,Web,2025-02-10,53583682,Financial Services,Cyber Liability Insurance,Rio Grande do Sul,1
Working,Referral,2025-08-12,7843348,Insurance,Fleet Auto Insurance,Sao Paulo,0
Closed - Not Converted,Trade Show,2025-07-06,1921327,Insurance,Pension Fund Management,Sao Paulo,0
New,Trade Show,2025-01-14,8924828,Financial Services,Fleet Auto Insurance,Rio Grande do Sul,0
Closed - Not Converted,Referral,2025-07-16,2041878,Financial Services,Group Health Insurance,Rio de Janeiro,0
New,Cold Call,2025-09-06,5411727,Banking,Cyber Liability Insurance,Bahia,0
Closed - Not Converted,Web,2025-10-12,6089608,Insurance,Cyber Liability Insurance,Bahia,0
Closed - Converted,Trade Show,2025-08-18,13600011,Financial Services,Cyber Liability Insurance,Bahia,1
Working,Cold Call,2025-03-17,13304318,Financial Services,Commercial Property,Rio de Janeiro,0
New,Cold Call,2025-11-20,5566536,Financial Services,Directors & Officers (D&O),Minas Gerais,0
Working,Trade Show,2025-09-09,4314680,Financial Services,Directors & Officers (D&O),Parana,0
New,Web,2025-06-04,54337438,Financial Services,Directors & Officers (D&O),Sao Paulo,0
Closed - Converted,Cold Call,2025-01-10,13728518,Insurance,Pension Fund Management,Sao Paulo,1
New,Referral,2025-03-13,4705209,Financial Services,Cyber Liability Insurance,Minas Gerais,0
Closed - Not Converted,Cold Call,2025-03-01,31438267,Financial Services,Group Health Insurance,Rio Grande do Sul,0
Closed - Converted,Cold Call,2025-02-17,5634731,Financial Services,Group Health Insurance,Minas Gerais,1
New,Trade Show,2025-01-22,417337,FinTech,Cyber Liability Insurance,Bahia,0
Working,Trade Show,2025-09-25,1745556,FinTech,Cyber Liability Insurance,Parana,0
Closed - Converted,LinkedIn,2025-04-10,5356001,Financial Services,Group Health Insurance,Minas Gerais,1
Working,Cold Call,2025-06-03,203768,FinTech,Directors & Officers (D&O),Distrito Federal,0
Closed - Converted,Partner,2025-01-12,1437871,FinTech,Fleet Auto Insurance,Sao Paulo,1
Closed - Not Converted,Trade Show,2025-11-26,222536,Insurance,Corporate Life Insurance,Sao Paulo,0
Closed - Converted,Web,2025-10-22,605601,Insurance,Directors & Officers (D&O),Rio Grande do Sul,1
Closed - Not Converted,Cold Call,2025-09-13,1267215,Financial Services,Fleet Auto Insurance,Bahia,0
Working,Partner,2025-07-16,2895710,Insurance,Commercial Property,Santa Catarina,0
Working,Cold Call,2025-03-11,1288831,Insurance,Group Health Insurance,Santa Catarina,0
Working,Web,2025-08-23,2897741,Financial Services,Commercial Property,Rio de Janeiro,0
New,Referral,2025-03-30,423903,Insurance,Group Health Insurance,Santa Catarina,0
New,Referral,2025-07-23,4249280,Financial Services,Pension Fund Management,Rio Grande do Sul,0
Closed - Converted,Partner,2025-09-28,1172815,FinTech,Commercial Property,Minas Gerais,1
Nurturing,Referral,2025-03-28,4205220,Insurance,Commercial Property,Minas Gerais,0
Working,Cold Call,2025-04-03,2750022,Insurance,Directors & Officers (D&O),Rio de Janeiro,0
Working,Referral,2025-03-02,260008,Insurance,Group Health Insurance,Bahia,0
Closed - Converted,LinkedIn,2025-05-27,3923636,Financial Services,Corporate Life Insurance,Santa Catarina,1
Closed - Not Converted,Referral,2025-01-06,627826,Retail,Cyber Liability Insurance,Bahia,0
New,LinkedIn,2025-10-28,2123585,FinTech,Directors & Officers (D&O),Minas Gerais,0
Closed - Converted,Referral,2025-04-30,6467425,Retail,Directors & Officers (D&O),Sao Paulo,1
Working,Partner,2025-07-16,1416679,Insurance,Cyber Liability Insurance,Santa Catarina,0
Closed - Not Converted,Partner,2025-10-21,294509,FinTech,Cyber Liability Insurance,Rio de Janeiro,0
Nurturing,Cold Call,2025-03-12,9014716,Financial Services,Directors & Officers (D&O),Bahia,0
Nurturing,LinkedIn,2025-07-07,31103087,Financial Services,Fleet Auto Insurance,Bahia,0
Nurturing,Web,2025-05-26,2423177,Financial Services,Cyber Liability Insurance,Rio Grande do Sul,0
New,Web,2025-02-17,10545170,Financial Services,Cyber Liability Insurance,Parana,0
Closed - Converted,Trade Show,2025-10-23,18276548,Financial Services,Pension Fund Management,Distrito Federal,1
Working,Trade Show,2025-02-13,13440373,Financial Services,Fleet Auto Insurance,Sao Paulo,0
Closed - Converted,Partner,2025-01-02,1588022,Banking,Commercial Property,Sao Paulo,1
Working,Trade Show,2025-05-29,40831078,Banking,Directors & Officers (D&O),Minas Gerais,0
Closed - Not Converted,Partner,2025-08-11,2673230,Insurance,Directors & Officers (D&O),Sao Paulo,0
Working,Referral,2025-01-07,3481089,Financial Services,Directors & Officers (D&O),Rio de Janeiro,0
New,Cold Call,2025-10-23,460903,Insurance,Commercial Property,Rio de Janeiro,0
New,Trade Show,2025-07-21,1236574,Insurance,Directors & Officers (D&O),Minas Gerais,0
Working,Trade Show,2025-06-25,3776498,Insurance,Group Health Insurance,Distrito Federal,0
New,LinkedIn,2025-10-29,24294394,Banking,Commercial Property,Distrito Federal,0
New,Web,2025-08-28,11672644,Banking,Pension Fund Management,Bahia,0
Closed - Converted,Cold Call,2025-05-20,1819408,FinTech,Commercial Property,Bahia,1
Working,LinkedIn,2025-06-11,3198009,Financial Services,Group Health Insurance,Distrito Federal,0
Working,Trade Show,2025-09-21,8551058,Financial Services,Commercial Property,Rio de Janeiro,0
Nurturing,Referral,2025-08-17,2766985,Financial Services,Fleet Auto Insurance,Minas Gerais,0
New,Cold Call,2025-01-18,891032,Insurance,Directors & Officers (D&O),Distrito Federal,0
Working,Web,2025-11-09,1046576,Insurance,Corporate Life Insurance,Distrito Federal,0
Working,Trade Show,2025-04-06,19687588,Financial Services,Directors & Officers (D&O),Distrito Federal,0
Closed - Converted,Cold Call,2025-09-20,2075883,Insurance,Commercial Property,Rio Grande do Sul,1
Closed - Not Converted,Web,2025-04-17,5711724,Banking,Pension Fund Management,Santa Catarina,0
New,Web,2025-09-25,1900475,Healthcare,Fleet Auto Insurance,Rio de Janeiro,0
New,Trade Show,2025-01-12,409088,Insurance,Corporate Life Insurance,Bahia,0
Working,Partner,2025-06-21,42411301,Financial Services,Commercial Property,Rio Grande do Sul,0
Working,Trade Show,2025-03-03,1675030,FinTech,Pension Fund Management,Bahia,0
New,LinkedIn,2025-07-13,7203722,Insurance,Cyber Liability Insurance,Distrito Federal,0
Working,Referral,2025-05-16,3754921,Banking,Cyber Liability Insurance,Rio Grande do Sul,0
New,LinkedIn,2025-10-09,9179388,Insurance,Corporate Life Insurance,Minas Gerais,0
New,LinkedIn,2025-10-28,10060053,Banking,Directors & Officers (D&O),Distrito Federal,0
Closed - Converted,Trade Show,2025-06-26,2503387,Insurance,Pension Fund Management,Parana,1
Nurturing,Cold Call,2025-05-09,260611,Insurance,Directors & Officers (D&O),Santa Catarina,0
Nurturing,Partner,2025-03-16,754467,FinTech,Commercial Property,Sao Paulo,0
New,Cold Call,2025-09-05,4332610,Insurance,Pension Fund Management,Rio de Janeiro,0
New,Trade Show,2025-04-12,7684367,Financial Services,Fleet Auto Insurance,Distrito Federal,0
Closed - Converted,Trade Show,2025-02-26,856776,Healthcare,Fleet Auto Insurance,Parana,1
New,Referral,2025-06-10,28841258,Financial Services,Cyber Liability Insurance,Sao Paulo,0
New,LinkedIn,2025-08-28,572995,Retail,Fleet Auto Insurance,Bahia,0
Working,Web,2025-08-04,3238993,Insurance,Corporate Life Insurance,Distrito Federal,0
Closed - Not Converted,Trade Show,2025-11-27,1030070,Healthcare,Cyber Liability Insurance,Rio Grande do Sul,0
New,Partner,2025-06-09,7349066,Financial Services,Pension Fund Management,Rio de Janeiro,0
Working,LinkedIn,2025-09-25,58132350,Banking,Group Health Insurance,Rio de Janeiro,0
Closed - Not Converted,Partner,2025-09-02,2825755,Insurance,Pension Fund Management,Santa Catarina,0
Closed - Not Converted,Trade Show,2025-01-15,11684936,Financial Services,Directors & Officers (D&O),Distrito Federal,0
New,Cold Call,2025-10-31,19327743,Financial Services,Corporate Life Insurance,Rio Grande do Sul,0
Working,LinkedIn,2025-03-12,1102846,FinTech,Fleet Auto Insurance,Santa Catarina,0
Nurturing,Web,2025-03-29,38636730,Financial Services,Commercial Property,Minas Gerais,0
New,Trade Show,2025-03-08,3982785,Insurance,Directors & Officers (D&O),Bahia,0
New,LinkedIn,2025-05-05,10669639,Financial Services,Directors & Officers (D&O),Sao Paulo,0
Working,Web,2025-09-22,4101051,Financial Services,Fleet Auto Insurance,Santa Catarina,0
Closed - Not Converted,Cold Call,2025-01-25,918374,Retail,Group Health Insurance,Minas Gerais,0
Working,Partner,2025-02-01,380817,Insurance,Cyber Liability Insurance,Rio de Janeiro,0
Working,Referral,2025-06-24,20097294,Financial Services,Group Health Insurance,Parana,0
Closed - Not Converted,Cold Call,2025-09-04,2128115,FinTech,Group Health Insurance,Distrito Federal,0
New,Partner,2025-02-09,8901564,Financial Services,Directors & Officers (D&O),Santa Catarina,0
Nurturing,LinkedIn,2025-03-24,3661546,Insurance,Pension Fund Management,Bahia,0
Nurturing,LinkedIn,2025-02-16,1694546,Financial Services,Fleet Auto Insurance,Rio de Janeiro,0
New,Partner,2025-08-03,21234275,Financial Services,Directors & Officers (D&O),Distrito Federal,0
New,Cold Call,2025-01-26,422075,Healthcare,Commercial Property,Bahia,0
Working,Trade Show,2025-07-21,1596921,Insurance,Directors & Officers (D&O),Sao Paulo,0
New,Trade Show,2025-05-23,852032,FinTech,Cyber Liability Insurance,Rio Grande do Sul,0
Closed - Not Converted,Referral,2025-09-07,822616,Insurance,Commercial Property,Parana,0
Closed - Converted,Cold Call,2025-04-01,3321782,FinTech,Group Health Insurance,Minas Gerais,1
New,Partner,2025-09-02,5745386,Financial Services,Group Health Insurance,Parana,0
New,LinkedIn,2025-07-30,30130196,Financial Services,Directors & Officers (D&O),Distrito Federal,0
Working,Web,2025-04-08,1392382,Insurance,Pension Fund Management,Bahia,0
Nurturing,LinkedIn,2025-04-30,7531954,Financial Services,Fleet Auto Insurance,Bahia,0
Working,Cold Call,2025-02-17,567563,Insurance,Pension Fund Management,Parana,0
New,Web,2025-10-25,8135844,Banking,Commercial Property,Santa Catarina,0
Nurturing,Partner,2025-11-25,567102,Insurance,Fleet Auto Insurance,Santa Catarina,0
Working,LinkedIn,2025-07-09,30792522,Financial Services,Pension Fund Management,Sao Paulo,0
New,LinkedIn,2025-10-07,2530697,Financial Services,Directors & Officers (D&O),Minas Gerais,0
New,Partner,2025-03-05,256645,Insurance,Cyber Liability Insurance,Santa Catarina,0
Working,Web,2025-07-02,1203216,Insurance,Fleet Auto Insurance,Sao Paulo,0
New,Partner,2025-06-19,1227279,FinTech,Pension Fund Management,Santa Catarina,0
New,Cold Call,2025-01-20,1341524,Insurance,Corporate Life Insurance,Rio Grande do Sul,0
New,Partner,2025-11-11,6398100,Financial Services,Commercial Property,Parana,0
Closed - Converted,LinkedIn,2025-03-22,20063883,Financial Services,Directors & Officers (D&O),Minas Gerais,1
New,Cold Call,2025-02-09,122463,Insurance,Commercial Property,Parana,0
Closed - Converted,LinkedIn,2025-06-08,5173093,Banking,Group Health Insurance,Distrito Federal,1
Working,Trade Show,2025-11-27,4948123,Insurance,Commercial Property,Rio de Janeiro,0
New,Referral,2025-04-09,5386583,Insurance,Corporate Life Insurance,Rio de Janeiro,0
Closed - Converted,Web,2025-02-06,14293839,Financial Services,Group Health Insurance,Distrito Federal,1
New,LinkedIn,2025-02-03,3817104,Financial Services,Directors & Officers (D&O),Rio de Janeiro,0
New,LinkedIn,2025-08-13,11779580,Financial Services,Corporate Life Insurance,Sao Paulo,0
Working,Cold Call,2025-01-23,1009211,Healthcare,Corporate Life Insurance,Santa Catarina,0
Nurturing,Referral,2025-01-17,3463443,Banking,Directors & Officers (D&O),Bahia,0
Working,Partner,2025-11-21,15072356,Financial Services,Corporate Life Insurance,Distrito Federal,0
Working,Referral,2025-05-08,22319328,Financial Services,Commercial Property,Bahia,0
Nurturing,Trade Show,2025-03-03,11704105,Financial Services,Cyber Liability Insurance,Bahia,0
Closed - Converted,LinkedIn,2025-10-19,705728,Insurance,Group Health Insurance,Parana,1
Nurturing,Trade Show,2025-05-08,11197272,FinTech,Group Health Insurance,Distrito Federal,0
New,Referral,2025-06-26,4920264,Financial Services,Group Health Insurance,Sao Paulo,0
Closed - Converted,Partner,2025-11-17,3155678,Insurance,Corporate Life Insurance,Bahia,1
Working,LinkedIn,2025-04-04,6538780,Financial Services,Pension Fund Management,Rio de Janeiro,0
New,Web,2025-01-11,20174898,Financial Services,Corporate Life Insurance,Parana,0
Closed - Converted,Partner,2025-03-05,1358682,Insurance,Group Health Insurance,Minas Gerais,1
Closed - Converted,Partner,2025-05-15,9865815,Financial Services,Fleet Auto Insurance,Distrito Federal,1
New,Cold Call,2025-03-28,2686800,Healthcare,Corporate Life Insurance,Distrito Federal,0
New,Partner,2025-01-14,446099,Retail,Corporate Life Insurance,Santa Catarina,0
Working,LinkedIn,2025-06-02,1140775,Insurance,Commercial Property,Parana,0
Closed - Converted,Trade Show,2025-07-13,2590959,Financial Services,Directors & Officers (D&O),Rio Grande do Sul,1
Closed - Converted,LinkedIn,2025-02-27,1716936,Healthcare,Directors & Officers (D&O),Minas Gerais,1
Working,LinkedIn,2025-04-09,1875443,Financial Services,Cyber Liability Insurance,Minas Gerais,0
New,LinkedIn,2025-03-24,1926351,Healthcare,Directors & Officers (D&O),Distrito Federal,0
Working,Partner,2025-08-15,666953,Insurance,Group Health Insurance,Parana,0
Closed - Not Converted,Trade Show,2025-11-13,346481,Insurance,Fleet Auto Insurance,Parana,0
Working,LinkedIn,2025-08-04,7719016,Financial Services,Directors & Officers (D&O),Sao Paulo,0
Working,Trade Show,2025-01-14,4495154,Insurance,Cyber Liability Insurance,Rio de Janeiro,0
Working,Partner,2025-04-13,10061831,Financial Services,Corporate Life Insurance,Bahia,0
Closed - Not Converted,Web,2025-07-06,322049,FinTech,Group Health Insurance,Bahia,0
New,Partner,2025-09-21,460263,Insurance,Directors & Officers (D&O),Rio Grande do Sul,0
Working,Partner,2025-08-16,2568709,Healthcare,Commercial Property,Minas Gerais,0
Working,Referral,2025-05-21,253289,FinTech,Fleet Auto Insurance,Distrito Federal,0
Working,Web,2025-02-15,1265819,Insurance,Corporate Life Insurance,Santa Catarina,0
Closed - Converted,Cold Call,2025-01-07,1874310,Banking,Fleet Auto Insurance,Santa Catarina,1
Working,Cold Call,2025-05-31,6775552,Financial Services,Fleet Auto Insurance,Parana,0
New,Referral,2025-07-12,2988453,Financial Services,Pension Fund Management,Bahia,0
Working,Partner,2025-10-21,1158288,Insurance,Fleet Auto Insurance,Bahia,0
Working,Partner,2025-07-14,1745387,Financial Services,Fleet Auto Insurance,Bahia,0
Working,Partner,2025-06-01,10254503,Financial Services,Fleet Auto Insurance,Distrito Federal,0
Nurturing,Web,2025-04-04,13511472,Financial Services,Corporate Life Insurance,Distrito Federal,0
Closed - Not Converted,Web,2025-08-27,4962593,Healthcare,Directors & Officers (D&O),Bahia,0
Working,LinkedIn,2025-05-01,501858,Financial Services,Directors & Officers (D&O),Distrito Federal,0
New,Referral,2025-06-11,177648,FinTech,Fleet Auto Insurance,Minas Gerais,0
Working,LinkedIn,2025-01-04,5652386,Financial Services,Group Health Insurance,Bahia,0
New,Partner,2025-05-11,6875007,Financial Services,Fleet Auto Insurance,Rio de Janeiro,0
New,Web,2025-08-10,6308274,Banking,Group Health Insurance,Bahia,0
Working,Web,2025-08-27,21533441,Financial Services,Commercial Property,Parana,0
Nurturing,Trade Show,2025-03-16,330490,Healthcare,Corporate Life Insurance,Distrito Federal,0
Working,Trade Show,2025-04-05,434414,Insurance,Corporate Life Insurance,Rio de Janeiro,0
New,Web,2025-11-05,20421157,Banking,Pension Fund Management,Sao Paulo,0
Working,Cold Call,2025-07-18,1877238,Retail,Commercial Property,Sao Paulo,0
Closed - Converted,Trade Show,2025-06-21,1294240,Insurance,Commercial Property,Parana,1
Closed - Converted,Cold Call,2025-11-26,349398,Insurance,Fleet Auto Insurance,Santa Catarina,1
New,Cold Call,2025-11-02,668592,Financial Services,Corporate Life Insurance,Sao Paulo,0
New,Partner,2025-05-25,16291505,Financial Services,Fleet Auto Insurance,Rio Grande do Sul,0
Closed - Converted,Referral,2025-03-23,6258774,Insurance,Pension Fund Management,Parana,1
New,Cold Call,2025-01-15,9134306,Financial Services,Directors & Officers (D&O),Rio de Janeiro,0
Closed - Converted,Referral,2025-01-28,4316215,Financial Services,Directors & Officers (D&O),Parana,1
Closed - Not Converted,Partner,2025-08-11,5468625,Insurance,Directors & Officers (D&O),Minas Gerais,0
Working,Partner,2025-07-04,6290776,Financial Services,Fleet Auto Insurance,Santa Catarina,0
Closed - Not Converted,Referral,2025-09-11,28704902,Financial Services,Commercial Property,Rio de Janeiro,0
New,LinkedIn,2025-02-06,13000062,FinTech,Corporate Life Insurance,Bahia,0
Nurturing,Cold Call,2025-10-12,471266,Insurance,Commercial Property,Santa Catarina,0
Working,Web,2025-07-15,564456,Retail,Group Health Insurance,Santa Catarina,0
Closed - Not Converted,Cold Call,2025-02-28,3915551,Financial Services,Corporate Life Insurance,Rio Grande do Sul,0
Closed - Converted,Cold Call,2025-02-22,27393894,Financial Services,Commercial Property,Sao Paulo,1
Closed - Not Converted,LinkedIn,2025-07-03,1058064,FinTech,Group Health Insurance,Bahia,0
Working,Referral,2025-03-04,859225,Insurance,Group Health Insurance,Sao Paulo,0
Closed - Converted,Trade Show,2025-05-19,4572976,Healthcare,Corporate Life Insurance,Rio de Janeiro,1
Working,Cold Call,2025-02-19,798927,Healthcare,Group Health Insurance,Rio Grande do Sul,0
New,Web,2025-03-22,16384500,Banking,Cyber Liability Insurance,Santa Catarina,0
New,Web,2025-10-24,634202,Insurance,Fleet Auto Insurance,Rio Grande do Sul,0
New,Cold Call,2025-02-11,3709691,Financial Services,Fleet Auto Insurance,Santa Catarina,0
Nurturing,Referral,2025-01-15,20360103,Financial Services,Commercial Property,Minas Gerais,0
Closed - Converted,Partner,2025-08-21,197661,Insurance,Fleet Auto Insurance,Rio de Janeiro,1
Closed - Converted,Partner,2025-08-03,1783428,Insurance,Pension Fund Management,Minas Gerais,1
Working,LinkedIn,2025-07-17,601579,Insurance,Cyber Liability Insurance,Santa Catarina,0
Working,Referral,2025-02-02,4366154,Retail,Commercial Property,Distrito Federal,0
Nurturing,Partner,2025-01-20,567503,FinTech,Commercial Property,Santa Catarina,0
Closed - Converted,Referral,2025-05-19,15062938,Financial Services,Directors & Officers (D&O),Santa Catarina,1
Closed - Not Converted,Partner,2025-08-23,1043948,Retail,Fleet Auto Insurance,Bahia,0
New,Web,2025-10-29,2386296,Insurance,Directors & Officers (D&O),Distrito Federal,0
New,Trade Show,2025-11-13,849024,Healthcare,Pension Fund Management,Distrito Federal,0
Closed - Converted,Web,2025-06-10,449022,FinTech,Group Health Insurance,Bahia,1
Working,Trade Show,2025-01-11,2517434,FinTech,Commercial Property,Bahia,0
Closed - Converted,Referral,2025-05-13,730063,Insurance,Corporate Life Insurance,Santa Catarina,1
Closed - Converted,Referral,2025-07-25,3769424,Financial Services,Corporate Life Insurance,Sao Paulo,1
New,Web,2025-03-18,4376969,Insurance,Directors & Officers (D&O),Minas Gerais,0
New,Web,2025-10-30,1037947,FinTech,Group Health Insurance,Sao Paulo,0
Closed - Converted,Trade Show,2025-01-05,386762,Retail,Commercial Property,Minas Gerais,1
New,Web,2025-01-20,10412928,Financial Services,Directors & Officers (D&O),Sao Paulo,0
New,Trade Show,2025-10-23,671497,Healthcare,Cyber Liability Insurance,Parana,0
Closed - Not Converted,Referral,2025-10-01,175847,FinTech,Directors & Officers (D&O),Bahia,0
Working,Partner,2025-08-26,1282716,Insurance,Cyber Liability Insurance,Rio Grande do Sul,0
Working,LinkedIn,2025-01-07,1789709,Insurance,Corporate Life Insurance,Sao Paulo,0
Nurturing,Partner,2025-09-29,740403,Insurance,Commercial Property,Rio Grande do Sul,0
Closed - Converted,Partner,2025-06-06,6198166,Financial Services,Group Health Insurance,Minas Gerais,1
Working,Web,2025-06-28,15119367,Financial Services,Fleet Auto Insurance,Rio de Janeiro,0
Working,Referral,2025-11-07,14232502,Financial Services,Corporate Life Insurance,Parana,0
Closed - Not Converted,LinkedIn,2025-06-23,13479593,Financial Services,Group Health Insurance,Sao Paulo,0
New,LinkedIn,2025-03-20,15256832,Retail,Group Health Insurance,Rio de Janeiro,0
New,Referral,2025-04-07,2001710,Retail,Cyber Liability Insurance,Rio de Janeiro,0
Working,Cold Call,2025-07-16,16580742,Financial Services,Pension Fund Management,Rio de Janeiro,0
Closed - Not Converted,Referral,2025-10-29,40780803,Financial Services,Directors & Officers (D&O),Sao Paulo,0
Working,Referral,2025-08-05,2460304,Financial Services,Fleet Auto Insurance,Sao Paulo,0
Closed - Converted,Web,2025-07-20,2369168,Retail,Group Health Insurance,Bahia,1
Working,Referral,2025-01-04,997376,Insurance,Directors & Officers (D&O),Minas Gerais,0
New,LinkedIn,2025-05-22,985606,Insurance,Cyber Liability Insurance,Rio Grande do Sul,0
Working,Referral,2025-04-29,8838917,Financial Services,Cyber Liability Insurance,Bahia,0
Closed - Converted,Partner,2025-05-29,4715978,Insurance,Directors & Officers (D&O),Rio Grande do Sul,1
Closed - Converted,Web,2025-08-17,970698,Retail,Corporate Life Insurance,Rio de Janeiro,1
Working,Cold Call,2025-07-01,15967605,Financial Services,Directors & Officers (D&O),Sao Paulo,0
New,Web,2025-06-17,7587757,Financial Services,Cyber Liability Insurance,Santa Catarina,0
Working,Partner,2025-11-01,11244004,Financial Services,Pension Fund Management,Parana,0
New,Trade Show,2025-10-12,6884519,Financial Services,Fleet Auto Insurance,Bahia,0
Working,Referral,2025-02-15,9189066,Financial Services,Pension Fund Management,Rio de Janeiro,0
Closed - Converted,Cold Call,2025-06-30,1487530,Insurance,Fleet Auto Insurance,Bahia,1
Closed - Converted,Web,2025-07-24,1715895,Insurance,Cyber Liability Insurance,Minas Gerais,1
New,Cold Call,2025-03-23,12751692,Financial Services,Fleet Auto Insurance,Minas Gerais,0
Working,LinkedIn,2025-07-17,7290354,Banking,Commercial Property,Rio Grande do Sul,0
Closed - Not Converted,Cold Call,2025-05-18,6884462,Banking,Pension Fund Management,Parana,0
Working,Referral,2025-08-15,50095223,Financial Services,Group Health Insurance,Sao Paulo,0
Closed - Converted,Referral,2025-05-15,1474270,FinTech,Pension Fund Management,Bahia,1
Working,Referral,2025-09-26,1687086,Healthcare,Corporate Life Insurance,Rio Grande do Sul,0
Working,Partner,2025-06-03,26217345,Banking,Cyber Liability Insurance,Rio de Janeiro,0
New,Trade Show,2025-10-03,16256653,Insurance,Pension Fund Management,Santa Catarina,0
Working,Trade Show,2025-04-17,8750411,Financial Services,Corporate Life Insurance,Distrito Federal,0
Nurturing,LinkedIn,2025-07-30,2789964,FinTech,Group Health Insurance,Minas Gerais,0
New,Referral,2025-06-28,5578391,Financial Services,Pension Fund Management,Santa Catarina,0
Nurturing,Partner,2025-10-06,10630395,Banking,Group Health Insurance,Santa Catarina,0
New,Web,2025-05-19,412249,Insurance,Corporate Life Insurance,Parana,0
Working,Trade Show,2025-05-07,3822312,Financial Services,Group Health Insurance,Rio Grande do Sul,0
Nurturing,Web,2025-02-10,82497103,Financial Services,Commercial Property,Sao Paulo,0
Working,Trade Show,2025-02-19,15645559,Financial Services,Pension Fund Management,Parana,0
Closed - Not Converted,Cold Call,2025-11-20,9166047,Insurance,Group Health Insurance,Minas Gerais,0
New,Partner,2025-08-22,284875,Insurance,Directors & Officers (D&O),Santa Catarina,0
New,LinkedIn,2025-06-13,5847316,Insurance,Corporate Life Insurance,Bahia,0
New,Cold Call,2025-11-04,23154424,Financial Services,Pension Fund Management,Bahia,0
Nurturing,Cold Call,2025-03-26,7558600,Financial Services,Group Health Insurance,Minas Gerais,0
Closed - Converted,Web,2025-10-21,1865522,Insurance,Directors & Officers (D&O),Santa Catarina,1
New,Partner,2025-02-28,7174359,Financial Services,Fleet Auto Insurance,Rio Grande do Sul,0
New,Cold Call,2025-06-03,6418638,Financial Services,Group Health Insurance,Rio de Janeiro,0
Working,Web,2025-07-05,29806965,Financial Services,Cyber Liability Insurance,Santa Catarina,0
Working,Referral,2025-05-28,424765,Healthcare,Directors & Officers (D&O),Rio de Janeiro,0
Closed - Converted,Partner,2025-01-15,30798439,Financial Services,Group Health Insurance,Sao Paulo,1
Working,Partner,2025-02-05,24386697,Financial Services,Group Health Insurance,Parana,0
New,LinkedIn,2025-09-02,1547816,Insurance,Directors & Officers (D&O),Rio Grande do Sul,0
Working,Web,2025-05-09,3892470,FinTech,Commercial Property,Sao Paulo,0
Closed - Converted,Referral,2025-03-02,1044986,FinTech,Corporate Life Insurance,Santa Catarina,1
New,LinkedIn,2025-04-15,9768969,Financial Services,Directors & Officers (D&O),Parana,0
Closed - Not Converted,Partner,2025-10-20,1066510,FinTech,Cyber Liability Insurance,Parana,0
Closed - Converted,Cold Call,2025-09-16,12990857,Financial Services,Commercial Property,Rio Grande do Sul,1
New,Partner,2025-11-13,4229328,Financial Services,Corporate Life Insurance,Sao Paulo,0
Closed - Converted,Trade Show,2025-11-09,434882,Insurance,Corporate Life Insurance,Santa Catarina,1
New,LinkedIn,2025-08-04,7860962,Insurance,Group Health Insurance,Santa Catarina,0
Nurturing,Web,2025-05-09,41470853,Financial Services,Corporate Life Insurance,Bahia,0
New,Partner,2025-06-25,16067506,Financial Services,Cyber Liability Insurance,Santa Catarina,0
Closed - Not Converted,Trade Show,2025-01-20,1970124,Insurance,Group Health Insurance,Rio Grande do Sul,0
Working,LinkedIn,2025-04-16,42952045,Banking,Corporate Life Insurance,Santa Catarina,0
Working,Referral,2025-02-14,3860899,Banking,Pension Fund Management,Minas Gerais,0
New,Cold Call,2025-11-18,3068913,Insurance,Cyber Liability Insurance,Distrito Federal,0
Working,Partner,2025-06-26,722772,Insurance,Pension Fund Management,Rio de Janeiro,0
Closed - Not Converted,Trade Show,2025-07-06,1647376,Insurance,Pension Fund Management,Bahia,0
New,LinkedIn,2025-04-21,2021969,Insurance,Fleet Auto Insurance,Parana,0
New,Web,2025-04-01,14251560,Financial Services,Cyber Liability Insurance,Sao Paulo,0
Closed - Converted,Partner,2025-01-30,32912959,Banking,Directors & Officers (D&O),Rio Grande do Sul,1
Closed - Converted,Cold Call,2025-06-07,1826855,Banking,Cyber Liability Insurance,Bahia,1
Working,LinkedIn,2025-03-10,5098037,Financial Services,Corporate Life Insurance,Minas Gerais,0
New,Cold Call,2025-06-10,7892988,Financial Services,Directors & Officers (D&O),Sao Paulo,0
Working,Referral,2025-08-24,17844587,Financial Services,Cyber Liability Insurance,Rio Grande do Sul,0
New,Web,2025-03-25,1438360,Insurance,Corporate Life Insurance,Parana,0
New,Trade Show,2025-09-28,1595736,Retail,Pension Fund Management,Parana,0
New,LinkedIn,2025-07-14,4831162,Insurance,Commercial Property,Rio Grande do Sul,0
Working,Cold Call,2025-10-19,14694188,Financial Services,Commercial Property,Parana,0
Closed - Not Converted,Web,2025-06-04,13946403,Financial Services,Group Health Insurance,Rio Grande do Sul,0
Working,Partner,2025-07-23,2327383,Insurance,Fleet Auto Insurance,Parana,0
Working,LinkedIn,2025-01-26,664168,Insurance,Directors & Officers (D&O),Sao Paulo,0
Working,Partner,2025-02-25,5729007,Financial Services,Group Health Insurance,Bahia,0
New,LinkedIn,2025-04-13,820895,Retail,Corporate Life Insurance,Rio Grande do Sul,0
Working,LinkedIn,2025-04-20,25871463,Banking,Corporate Life Insurance,Sao Paulo,0
Working,Partner,2025-11-07,720714,FinTech,Cyber Liability Insurance,Rio Grande do Sul,0
Working,LinkedIn,2025-07-22,1089958,FinTech,Directors & Officers (D&O),Rio de Janeiro,0
Nurturing,Referral,2025-04-18,18646790,Financial Services,Pension Fund Management,Parana,0
Working,Referral,2025-09-15,10551846,Financial Services,Group Health Insurance,Minas Gerais,0
Closed - Converted,Trade Show,2025-08-24,6490368,Financial Services,Fleet Auto Insurance,Rio de Janeiro,1
Working,Cold Call,2025-06-27,8126034,Financial Services,Cyber Liability Insurance,Rio Grande do Sul,0
Working,Web,2025-07-21,413048,Insurance,Commercial Property,Santa Catarina,0
Working,Cold Call,2025-06-06,371846,Insurance,Directors & Officers (D&O),Santa Catarina,0
New,Partner,2025-07-25,7495484,Financial Services,Pension Fund Management,Parana,0
Nurturing,Cold Call,2025-04-11,13857126,Banking,Directors & Officers (D&O),Rio de Janeiro,0
Nurturing,Cold Call,2025-09-10,2123140,FinTech,Group Health Insurance,Sao Paulo,0
New,Web,2025-01-24,401758,FinTech,Directors & Officers (D&O),Distrito Federal,0
Working,LinkedIn,2025-07-10,471191,Insurance,Pension Fund Management,Santa Catarina,0
Closed - Not Converted,Web,2025-10-09,1405669,Financial Services,Directors & Officers (D&O),Distrito Federal,0
New,Partner,2025-07-04,2039339,Healthcare,Pension Fund Management,Santa Catarina,0
Closed - Not Converted,Partner,2025-08-04,502348,FinTech,Cyber Liability Insurance,Bahia,0
New,Referral,2025-04-11,210475,Healthcare,Cyber Liability Insurance,Santa Catarina,0
Closed - Not Converted,Cold Call,2025-04-05,20559017,Financial Services,Cyber Liability Insurance,Rio de Janeiro,0
Nurturing,Web,2025-04-12,11066931,Financial Services,Directors & Officers (D&O),Rio Grande do Sul,0
New,LinkedIn,2025-06-21,7552671,Financial Services,Directors & Officers (D&O),Rio Grande do Sul,0
Working,Cold Call,2025-11-06,1664325,Retail,Pension Fund Management,Minas Gerais,0
Closed - Converted,Cold Call,2025-02-17,31113971,Financial Services,Commercial Property,Santa Catarina,1
Working,Partner,2025-07-23,2085930,Insurance,Commercial Property,Sao Paulo,0
New,Partner,2025-07-25,770235,Insurance,Group Health Insurance,Parana,0
Working,LinkedIn,2025-04-10,2972543,FinTech,Fleet Auto Insurance,Distrito Federal,0
Closed - Converted,Partner,2025-02-16,1047113,FinTech,Group Health Insurance,Distrito Federal,1
New,Partner,2025-01-31,9255712,Banking,Group Health Insurance,Distrito Federal,0
Working,Trade Show,2025-08-29,955389,Insurance,Corporate Life Insurance,Rio Grande do Sul,0
New,Trade Show,2025-04-25,1177992,Insurance,Group Health Insurance,Bahia,0
New,Referral,2025-11-21,37775290,Financial Services,Corporate Life Insurance,Parana,0
Working,Web,2025-09-20,28328799,Banking,Cyber Liability Insurance,Minas Gerais,0
Closed - Converted,LinkedIn,2025-09-30,1360369,FinTech,Pension Fund Management,Sao Paulo,1
Nurturing,Web,2025-09-26,8865300,Financial Services,Commercial Property,Rio de Janeiro,0
Working,Trade Show,2025-06-09,11107555,Insurance,Fleet Auto Insurance,Minas Gerais,0
New,LinkedIn,2025-05-25,718248,Retail,Commercial Property,Parana,0
Working,Cold Call,2025-07-05,21104903,Financial Services,Commercial Property,Minas Gerais,0
New,Partner,2025-06-04,534674,Insurance,Corporate Life Insurance,Parana,0
Working,Trade Show,2025-02-09,4663042,Financial Services,Group Health Insurance,Santa Catarina,0
New,Cold Call,2025-08-06,843665,Insurance,Fleet Auto Insurance,Bahia,0
New,Web,2025-02-02,296566,Retail,Corporate Life Insurance,Minas Gerais,0
Closed - Not Converted,Trade Show,2025-10-24,430758,Insurance,Commercial Property,Bahia,0
Working,Trade Show,2025-04-17,5490514,Retail,Fleet Auto Insurance,Minas Gerais,0
Nurturing,Partner,2025-02-10,8526907,Financial Services,Cyber Liability Insurance,Santa Catarina,0
New,Partner,2025-10-11,9114325,Banking,Corporate Life Insurance,Rio Grande do Sul,0
Working,Partner,2025-09-18,1950927,Insurance,Cyber Liability Insurance,Santa Catarina,0
Nurturing,LinkedIn,2025-05-03,3280064,FinTech,Commercial Property,Bahia,0
Nurturing,Partner,2025-05-08,56648128,Financial Services,Corporate Life Insurance,Distrito Federal,0
Closed - Not Converted,Partner,2025-09-02,1594065,Insurance,Corporate Life Insurance,Rio Grande do Sul,0
New,Trade Show,2025-01-05,47179117,Financial Services,Pension Fund Management,Rio Grande do Sul,0
Closed - Converted,Trade Show,2025-11-13,280158,Insurance,Directors & Officers (D&O),Rio Grande do Sul,1
New,LinkedIn,2025-01-02,4620643,Financial Services,Group Health Insurance,Parana,0
New,Cold Call,2025-05-01,8532306,Financial Services,Cyber Liability Insurance,Santa Catarina,0
New,Cold Call,2025-03-10,743821,Insurance,Commercial Property,Santa Catarina,0
New,Referral,2025-07-22,23577766,Financial Services,Directors & Officers (D&O),Minas Gerais,0
Closed - Converted,Referral,2025-09-01,1483338,Insurance,Directors & Officers (D&O),Bahia,1
Closed - Not Converted,Web,2025-05-04,77496192,Financial Services,Group Health Insurance,Parana,0
Working,Cold Call,2025-09-26,2439372,Insurance,Group Health Insurance,Minas Gerais,0
Working,Referral,2025-09-22,1111798,Healthcare,Cyber Liability Insurance,Distrito Federal,0
Closed - Converted,Referral,2025-06-02,10072195,Financial Services,Pension Fund Management,Sao Paulo,1
Closed - Converted,Cold Call,2025-05-28,3124177,Healthcare,Directors & Officers (D&O),Bahia,1
New,Partner,2025-02-28,414261,Insurance,Cyber Liability Insurance,Parana,0
Nurturing,Trade Show,2025-04-10,327604,Retail,Corporate Life Insurance,Minas Gerais,0
Closed - Converted,Trade Show,2025-04-01,1794990,Financial Services,Group Health Insurance,Bahia,1
Nurturing,Cold Call,2025-10-06,9071632,Banking,Commercial Property,Minas Gerais,0
New,Trade Show,2025-06-03,201968,Insurance,Corporate Life Insurance,Distrito Federal,0
Working,Partner,2025-06-17,701177,Retail,Cyber Liability Insurance,Parana,0
Closed - Converted,Partner,2025-06-16,812131,FinTech,Commercial Property,Parana,1
New,LinkedIn,2025-08-20,1419255,Insurance,Corporate Life Insurance,Sao Paulo,0
Closed - Converted,Web,2025-04-09,2077535,Insurance,Cyber Liability Insurance,Distrito Federal,1
New,Cold Call,2025-10-11,1045661,Insurance,Group Health Insurance,Rio Grande do Sul,0
Working,LinkedIn,2025-03-14,2425489,Financial Services,Cyber Liability Insurance,Rio Grande do Sul,0
New,Cold Call,2025-11-15,9617417,Financial Services,Fleet Auto Insurance,Parana,0
Working,Trade Show,2025-11-08,2723094,Insurance,Fleet Auto Insurance,Santa Catarina,0
Closed - Not Converted,Trade Show,2025-07-16,2373349,Financial Services,Commercial Property,Minas Gerais,0
New,Partner,2025-08-07,1283319,Insurance,Group Health Insurance,Parana,0
Closed - Converted,Referral,2025-07-29,2958611,Insurance,Fleet Auto Insurance,Rio Grande do Sul,1
Working,Partner,2025-08-12,675790,Insurance,Fleet Auto Insurance,Santa Catarina,0
Closed - Converted,Cold Call,2025-01-11,11377359,Financial Services,Pension Fund Management,Bahia,1
Closed - Converted,LinkedIn,2025-05-24,2836392,Retail,Directors & Officers (D&O),Parana,1
New,Web,2025-03-18,2439533,Insurance,Pension Fund Management,Rio de Janeiro,0
Working,Trade Show,2025-03-16,15948195,Financial Services,Cyber Liability Insurance,Sao Paulo,0
Closed - Converted,Partner,2025-04-06,896076,FinTech,Group Health Insurance,Santa Catarina,1
New,Trade Show,2025-05-04,7337961,Financial Services,Pension Fund Management,Rio de Janeiro,0
Working,Partner,2025-02-08,2015748,Healthcare,Fleet Auto Insurance,Santa Catarina,0
New,Partner,2025-11-07,3533344,Retail,Commercial Property,Sao Paulo,0
Nurturing,Cold Call,2025-11-04,898891,Insurance,Cyber Liability Insurance,Rio de Janeiro,0
Nurturing,Trade Show,2025-04-22,1258760,Insurance,Cyber Liability Insurance,Santa Catarina,0
Closed - Not Converted,Cold Call,2025-06-12,882731,Insurance,Pension Fund Management,Parana,0
Working,Trade Show,2025-06-12,26908234,Financial Services,Pension Fund Management,Bahia,0
New,Cold Call,2025-09-10,1505143,Financial Services,Cyber Liability Insurance,Bahia,0
Working,Cold Call,2025-08-03,52474669,Financial Services,Group Health Insurance,Rio Grande do Sul,0
Working,LinkedIn,2025-09-29,8115819,Banking,Group Health Insurance,Rio de Janeiro,0
Working,Referral,2025-06-29,5947380,Insurance,Corporate Life Insurance,Parana,0
Closed - Converted,Trade Show,2025-04-19,283428,Insurance,Corporate Life Insurance,Minas Gerais,1
Working,Cold Call,2025-01-05,281001,Healthcare,Pension Fund Management,Sao Paulo,0
Working,LinkedIn,2025-09-04,357340,Insurance,Directors & Officers (D&O),Rio de Janeiro,0
Working,Partner,2025-05-14,8954905,Financial Services,Commercial Property,Santa Catarina,0
Working,LinkedIn,2025-11-22,2250805,FinTech,Cyber Liability Insurance,Santa Catarina,0
Closed - Not Converted,Partner,2025-11-12,590271,Insurance,Group Health Insurance,Parana,0
Closed - Converted,Referral,2025-03-30,619213,Insurance,Fleet Auto Insurance,Distrito Federal,1
Nurturing,Web,2025-06-01,2498211,Financial Services,Pension Fund Management,Parana,0
New,Partner,2025-09-29,2223858,Insurance,Pension Fund Management,Santa Catarina,0
Working,Referral,2025-06-17,1130361,Insurance,Fleet Auto Insurance,Santa Catarina,0
Closed - Converted,Trade Show,2025-01-24,12108163,Financial Services,Group Health Insurance,Minas Gerais,1
Closed - Converted,LinkedIn,2025-05-10,2625059,Financial Services,Commercial Property,Parana,1
Nurturing,Web,2025-06-25,1312439,Healthcare,Directors & Officers (D&O),Parana,0
Closed - Not Converted,Referral,2025-11-15,379772,Insurance,Fleet Auto Insurance,Sao Paulo,0
New,Partner,2025-09-16,15917211,Financial Services,Commercial Property,Distrito Federal,0
New,Partner,2025-05-29,14528237,Banking,Corporate Life Insurance,Rio de Janeiro,0
New,Referral,2025-01-10,662338,Insurance,Corporate Life Insurance,Sao Paulo,0
Working,Trade Show,2025-06-05,42433445,Financial Services,Fleet Auto Insurance,Rio de Janeiro,0
Closed - Converted,LinkedIn,2025-11-18,12545969,Healthcare,Corporate Life Insurance,Minas Gerais,1
Closed - Converted,LinkedIn,2025-07-24,839646,Insurance,Fleet Auto Insurance,Santa Catarina,1
New,Cold Call,2025-08-10,7299064,Financial Services,Directors & Officers (D&O),Rio de Janeiro,0
Closed - Not Converted,Web,2025-10-23,30932161,Financial Services,Cyber Liability Insurance,Minas Gerais,0
Closed - Converted,Referral,2025-10-27,25002426,Financial Services,Cyber Liability Insurance,Santa Catarina,1
Working,Trade Show,2025-07-25,31675103,Financial Services,Cyber Liability Insurance,Rio Grande do Sul,0
Working,Trade Show,2025-04-24,682146,Insurance,Fleet Auto Insurance,Parana,0
New,Trade Show,2025-07-15,14501310,Banking,Group Health Insurance,Rio de Janeiro,0
Working,Partner,2025-07-11,560282,Insurance,Cyber Liability Insurance,Minas Gerais,0
Working,Web,2025-01-04,18414000,Financial Services,Pension Fund Management,Sao Paulo,0
New,Trade Show,2025-04-23,2203341,Financial Services,Corporate Life Insurance,Rio de Janeiro,0
Closed - Converted,Referral,2025-05-18,4724801,Insurance,Fleet Auto Insurance,Bahia,1
New,Trade Show,2025-08-24,902058,Financial Services,Pension Fund Management,Sao Paulo,0
Working,Trade Show,2025-07-10,17136135,Financial Services,Group Health Insurance,Santa Catarina,0
New,LinkedIn,2025-09-29,2843135,Financial Services,Directors & Officers (D&O),Parana,0
Closed - Not Converted,Cold Call,2025-07-16,3499197,Healthcare,Commercial Property,Rio de Janeiro,0
Working,Trade Show,2025-04-10,18455033,Financial Services,Cyber Liability Insurance,Rio Grande do Sul,0
Closed - Converted,Web,2025-02-01,8332006,Financial Services,Pension Fund Management,Sao Paulo,1
Working,Trade Show,2025-11-05,6249906,Retail,Pension Fund Management,Bahia,0
Nurturing,Cold Call,2025-04-26,1572148,Retail,Commercial Property,Rio de Janeiro,0
Working,Cold Call,2025-08-31,25399562,Financial Services,Directors & Officers (D&O),Rio de Janeiro,0
New,Web,2025-08-21,682428,Retail,Group Health Insurance,Sao Paulo,0
Closed - Not Converted,Referral,2025-03-28,16754151,Financial Services,Corporate Life Insurance,Distrito Federal,0
New,Web,2025-05-11,4561310,Financial Services,Fleet Auto Insurance,Rio Grande do Sul,0
Working,LinkedIn,2025-11-05,3840229,Insurance,Cyber Liability Insurance,Bahia,0
New,LinkedIn,2025-04-14,2216476,Financial Services,Group Health Insurance,Minas Gerais,0
Closed - Converted,LinkedIn,2025-09-28,21270132,Financial Services,Fleet Auto Insurance,Bahia,1
Working,Partner,2025-05-25,465680,FinTech,Pension Fund Management,Santa Catarina,0
Closed - Converted,Web,2025-09-13,5982858,Banking,Cyber Liability Insurance,Santa Catarina,1
Working,Referral,2025-03-02,46884023,Financial Services,Fleet Auto Insurance,Santa Catarina,0
Working,Cold Call,2025-11-11,12108734,FinTech,Cyber Liability Insurance,Sao Paulo,0
Working,Cold Call,2025-06-12,1024180,Financial Services,Commercial Property,Rio de Janeiro,0
Closed - Converted,Partner,2025-07-29,3412727,Retail,Group Health Insurance,Parana,1
Working,Web,2025-02-25,1176879,Insurance,Directors & Officers (D&O),Rio de Janeiro,0
Working,Cold Call,2025-07-30,5733796,Financial Services,Commercial Property,Minas Gerais,0
New,Partner,2025-07-28,9865003,Financial Services,Commercial Property,Rio de Janeiro,0
Closed - Not Converted,Cold Call,2025-05-28,1626734,Insurance,Corporate Life Insurance,Santa Catarina,0
Working,Cold Call,2025-11-05,29917996,Financial Services,Directors & Officers (D&O),Sao Paulo,0
Nurturing,Partner,2025-08-19,3863265,Financial Services,Directors & Officers (D&O),Distrito Federal,0
Closed - Not Converted,Cold Call,2025-11-02,285253,Insurance,Commercial Property,Parana,0
Working,Referral,2025-08-16,9949555,Financial Services,Pension Fund Management,Sao Paulo,0
New,Partner,2025-06-28,3208648,Banking,Corporate Life Insurance,Parana,0
Closed - Converted,Referral,2025-08-06,3474925,Financial Services,Commercial Property,Bahia,1
Closed - Not Converted,Partner,2025-06-28,3294675,Financial Services,Pension Fund Management,Sao Paulo,0
Closed - Not Converted,Cold Call,2025-11-05,2073089,Healthcare,Corporate Life Insurance,Minas Gerais,0
Working,Web,2025-04-26,4947014,Banking,Pension Fund Management,Distrito Federal,0
New,LinkedIn,2025-11-05,3897220,Insurance,Pension Fund Management,Minas Gerais,0
Closed - Not Converted,LinkedIn,2025-05-27,9756348,Financial Services,Group Health Insurance,Bahia,0
Working,LinkedIn,2025-03-15,16178263,Financial Services,Commercial Property,Santa Catarina,0
Closed - Not Converted,LinkedIn,2025-05-18,852702,Financial Services,Directors & Officers (D&O),Minas Gerais,0
Closed - Not Converted,Referral,2025-01-09,1044489,Healthcare,Pension Fund Management,Rio de Janeiro,0
Closed - Not Converted,Cold Call,2025-03-06,11894353,Financial Services,Corporate Life Insurance,Santa Catarina,0
Closed - Not Converted,Trade Show,2025-01-10,1021772,Insurance,Commercial Property,Rio Grande do Sul,0
Working,Cold Call,2025-09-24,6785837,FinTech,Pension Fund Management,Rio de Janeiro,0
Working,Trade Show,2025-11-11,520408,Financial Services,Corporate Life Insurance,Distrito Federal,0
Closed - Not Converted,Cold Call,2025-10-03,1441314,Financial Services,Pension Fund Management,Bahia,0
Closed - Converted,Cold Call,2025-08-13,431308,Insurance,Commercial Property,Santa Catarina,1
Closed - Not Converted,Referral,2025-10-07,25864149,Banking,Commercial Property,Distrito Federal,0
New,LinkedIn,2025-05-21,1191267,Insurance,Directors & Officers (D&O),Rio de Janeiro,0
Nurturing,Partner,2025-10-01,30475309,Banking,Corporate Life Insurance,Bahia,0
Working,Cold Call,2025-06-13,4039737,Insurance,Corporate Life Insurance,Minas Gerais,0
Working,Cold Call,2025-01-19,843264,Retail,Fleet Auto Insurance,Santa Catarina,0
Working,Referral,2025-05-09,2215950,Insurance,Fleet Auto Insurance,Bahia,0
Closed - Converted,Cold Call,2025-10-10,6552225,Healthcare,Corporate Life Insurance,Bahia,1
New,Partner,2025-02-16,23967664,Banking,Directors & Officers (D&O),Parana,0
Nurturing,Referral,2025-02-05,1794868,Insurance,Pension Fund Management,Santa Catarina,0
Nurturing,Referral,2025-04-26,1425876,Financial Services,Cyber Liability Insurance,Santa Catarina,0
Working,Referral,2025-04-14,17910261,Financial Services,Pension Fund Management,Parana,0
Working,LinkedIn,2025-03-05,1703270,Insurance,Directors & Officers (D&O),Santa Catarina,0
Working,LinkedIn,2025-02-24,30217543,Financial Services,Group Health Insurance,Santa Catarina,0
New,Partner,2025-01-20,46511116,Financial Services,Directors & Officers (D&O),Bahia,0
Closed - Not Converted,Cold Call,2025-11-23,7562692,Financial Services,Directors & Officers (D&O),Parana,0
Working,LinkedIn,2025-09-12,1698593,Insurance,Pension Fund Management,Rio Grande do Sul,0
Nurturing,Referral,2025-02-03,10396969,Financial Services,Directors & Officers (D&O),Bahia,0
Closed - Not Converted,Web,2025-06-29,8682672,Financial Services,Commercial Property,Rio Grande do Sul,0
Working,Trade Show,2025-05-01,3079774,Insurance,Pension Fund Management,Rio Grande do Sul,0
New,Referral,2025-04-13,5839574,Banking,Cyber Liability Insurance,Sao Paulo,0
Closed - Not Converted,Trade Show,2025-09-10,1781928,FinTech,Pension Fund Management,Santa Catarina,0
Closed - Not Converted,Partner,2025-11-19,2377713,Insurance,Fleet Auto Insurance,Santa Catarina,0
Closed - Not Converted,LinkedIn,2025-03-03,194132,FinTech,Cyber Liability Insurance,Minas Gerais,0
Working,Web,2025-11-11,9076750,Financial Services,Group Health Insurance,Rio de Janeiro,0
New,Cold Call,2025-06-06,83374038,Financial Services,Commercial Property,Rio de Janeiro,0
Working,Referral,2025-10-19,2173828,Insurance,Cyber Liability Insurance,Rio Grande do Sul,0
Working,LinkedIn,2025-07-13,14303236,Banking,Cyber Liability Insurance,Parana,0
Closed - Converted,Partner,2025-02-01,3290376,Financial Services,Group Health Insurance,Minas Gerais,1
Nurturing,Referral,2025-10-06,12839506,Financial Services,Directors & Officers (D&O),Bahia,0
Working,Trade Show,2025-05-30,1104685,Insurance,Cyber Liability Insurance,Parana,0
Closed - Converted,LinkedIn,2025-03-11,243735,Insurance,Cyber Liability Insurance,Minas Gerais,1
New,Partner,2025-02-19,8645906,Financial Services,Directors & Officers (D&O),Santa Catarina,0
Closed - Converted,LinkedIn,2025-10-10,6520082,Insurance,Corporate Life Insurance,Rio Grande do Sul,1
New,Web,2025-04-07,12298478,Financial Services,Directors & Officers (D&O),Minas Gerais,0
Working,Trade Show,2025-03-29,2132585,Insurance,Cyber Liability Insurance,Rio de Janeiro,0
New,LinkedIn,2025-10-29,462323,Insurance,Group Health Insurance,Rio Grande do Sul,0
Working,Trade Show,2025-08-30,5009603,Financial Services,Commercial Property,Rio Grande do Sul,0
Closed - Converted,Web,2025-06-09,366979,Insurance,Group Health Insurance,Minas Gerais,1
Working,Referral,2025-03-24,1892684,Insurance,Fleet Auto Insurance,Distrito Federal,0
New,Trade Show,2025-10-06,1481816,Insurance,Pension Fund Management,Rio de Janeiro,0
New,Web,2025-08-01,46960360,Financial Services,Pension Fund Management,Parana,0
Closed - Converted,Partner,2025-01-08,42164184,Financial Services,Corporate Life Insurance,Rio de Janeiro,1
New,Trade Show,2025-03-28,5793328,Financial Services,Group Health Insurance,Santa Catarina,0
Working,Trade Show,2025-03-26,8518958,Financial Services,Pension Fund Management,Bahia,0
New,Referral,2025-10-22,337199,Insurance,Pension Fund Management,Minas Gerais,0
Closed - Not Converted,Cold Call,2025-04-14,11599237,Financial Services,Pension Fund Management,Rio Grande do Sul,0
New,Trade Show,2025-07-04,461018,FinTech,Directors & Officers (D&O),Rio de Janeiro,0
Closed - Not Converted,LinkedIn,2025-11-17,5303358,Banking,Group Health Insurance,Santa Catarina,0
Closed - Converted,LinkedIn,2025-02-01,7612703,Financial Services,Commercial Property,Parana,1
Closed - Converted,LinkedIn,2025-09-07,2089454,Financial Services,Pension Fund Management,Bahia,1
Working,Partner,2025-01-12,26426553,Banking,Directors & Officers (D&O),Santa Catarina,0
Closed - Converted,Trade Show,2025-10-06,3923003,Insurance,Group Health Insurance,Bahia,1
New,LinkedIn,2025-07-13,1539758,Financial Services,Corporate Life Insurance,Minas Gerais,0
New,Referral,2025-10-22,391307,Retail,Fleet Auto Insurance,Distrito Federal,0
Working,Cold Call,2025-06-30,5944243,Financial Services,Directors & Officers (D&O),Rio de Janeiro,0
New,Web,2025-04-15,3791349,Financial Services,Fleet Auto Insurance,Rio Grande do Sul,0
New,Trade Show,2025-08-24,6057274,Insurance,Commercial Property,Distrito Federal,0
Closed - Converted,Trade Show,2025-04-30,3669130,Insurance,Cyber Liability Insurance,Minas Gerais,1
Nurturing,Cold Call,2025-05-09,1764969,Financial Services,Fleet Auto Insurance,Rio de Janeiro,0
New,Referral,2025-10-18,4633574,Financial Services,Fleet Auto Insurance,Sao Paulo,0
Working,Partner,2025-05-27,1211833,Banking,Fleet Auto Insurance,Rio Grande do Sul,0
New,Referral,2025-08-06,4370491,Financial Services,Group Health Insurance,Parana,0
Closed - Converted,Web,2025-01-28,3927695,Retail,Cyber Liability Insurance,Sao Paulo,1
Nurturing,Partner,2025-01-29,815855,Insurance,Directors & Officers (D&O),Parana,0
New,Referral,2025-07-08,3658745,Financial Services,Pension Fund Management,Bahia,0
New,Partner,2025-11-14,2521848,Financial Services,Directors & Officers (D&O),Santa Catarina,0
New,Trade Show,2025-10-22,1148942,Insurance,Directors & Officers (D&O),Parana,0
Closed - Converted,Trade Show,2025-11-17,51992426,Financial Services,Directors & Officers (D&O),Santa Catarina,1
New,LinkedIn,2025-07-23,7109532,Financial Services,Fleet Auto Insurance,Parana,0
New,Cold Call,2025-01-24,17723165,Financial Services,Fleet Auto Insurance,Rio Grande do Sul,0
New,LinkedIn,2025-01-04,497040,Insurance,Corporate Life Insurance,Distrito Federal,0
New,Web,2025-08-15,46792312,Financial Services,Commercial Property,Rio de Janeiro,0
Closed - Not Converted,LinkedIn,2025-08-20,1254925,Healthcare,Fleet Auto Insurance,Rio Grande do Sul,0
New,Referral,2025-02-25,1413574,Insurance,Corporate Life Insurance,Bahia,0
Closed - Converted,Referral,2025-09-11,824372,Insurance,Fleet Auto Insurance,Minas Gerais,1
New,Cold Call,2025-04-26,1067160,Insurance,Commercial Property,Rio de Janeiro,0
New,Cold Call,2025-09-07,12742011,Financial Services,Fleet Auto Insurance,Rio de Janeiro,0
Nurturing,LinkedIn,2025-08-16,2587197,FinTech,Pension Fund Management,Bahia,0
Closed - Converted,Cold Call,2025-06-18,3324262,Financial Services,Group Health Insurance,Parana,1
Closed - Not Converted,LinkedIn,2025-08-31,4510565,Financial Services,Pension Fund Management,Rio Grande do Sul,0
Working,Trade Show,2025-09-25,1947988,Retail,Directors & Officers (D&O),Santa Catarina,0
Nurturing,Web,2025-04-04,34556110,Financial Services,Commercial Property,Bahia,0
Working,Trade Show,2025-11-04,1059553,Insurance,Corporate Life Insurance,Rio de Janeiro,0
Nurturing,LinkedIn,2025-01-30,595404,Retail,Fleet Auto Insurance,Sao Paulo,0
New,LinkedIn,2025-06-20,1301426,Insurance,Directors & Officers (D&O),Sao Paulo,0
Closed - Not Converted,LinkedIn,2025-11-02,27564571,Financial Services,Corporate Life Insurance,Rio de Janeiro,0
Closed - Converted,LinkedIn,2025-08-23,1765015,Insurance,Group Health Insurance,Santa Catarina,1
Working,Cold Call,2025-10-14,30343855,Financial Services,Directors & Officers (D&O),Rio de Janeiro,0
Working,Cold Call,2025-11-06,12207501,Financial Services,Pension Fund Management,Sao Paulo,0
New,Web,2025-10-20,1017151,Insurance,Commercial Property,Distrito Federal,0
New,LinkedIn,2025-02-11,4686424,FinTech,Directors & Officers (D&O),Rio de Janeiro,0
Working,Partner,2025-01-02,3382371,Retail,Directors & Officers (D&O),Distrito Federal,0
New,Cold Call,2025-04-30,6066838,Financial Services,Pension Fund Management,Rio Grande do Sul,0
Working,LinkedIn,2025-02-22,2477490,Financial Services,Group Health Insurance,Distrito Federal,0
Closed - Not Converted,Cold Call,2025-02-21,595976,FinTech,Group Health Insurance,Minas Gerais,0
New,LinkedIn,2025-01-17,2550717,Insurance,Pension Fund Management,Parana,0
Nurturing,Web,2025-02-18,8494286,Financial Services,Group Health Insurance,Sao Paulo,0
Closed - Converted,Trade Show,2025-08-20,1601025,Insurance,Pension Fund Management,Minas Gerais,1
New,Referral,2025-07-17,4648998,Financial Services,Pension Fund Management,Rio Grande do Sul,0
New,Referral,2025-01-06,7513866,Healthcare,Corporate Life Insurance,Rio Grande do Sul,0
New,Web,2025-04-27,2909245,Financial Services,Cyber Liability Insurance,Santa Catarina,0
Working,Cold Call,2025-05-16,22459816,Financial Services,Corporate Life Insurance,Parana,0
Nurturing,Trade Show,2025-06-08,1247351,Insurance,Pension Fund Management,Distrito Federal,0
Closed - Not Converted,Referral,2025-01-21,71486470,Financial Services,Directors & Officers (D&O),Rio Grande do Sul,0
Closed - Converted,LinkedIn,2025-01-20,22588209,Banking,Corporate Life Insurance,Rio de Janeiro,1
Nurturing,Partner,2025-02-13,695319,Insurance,Commercial Property,Rio de Janeiro,0
Closed - Converted,Referral,2025-03-17,585850,FinTech,Corporate Life Insurance,Rio Grande do Sul,1
New,Cold Call,2025-09-21,34592693,Financial Services,Corporate Life Insurance,Sao Paulo,0
Nurturing,Web,2025-04-04,2584247,Insurance,Fleet Auto Insurance,Bahia,0
Working,Web,2025-06-20,2126026,Financial Services,Commercial Property,Sao Paulo,0
New,Web,2025-08-25,2312219,Insurance,Corporate Life Insurance,Minas Gerais,0
Working,Partner,2025-10-10,1371499,Financial Services,Pension Fund Management,Rio Grande do Sul,0
Closed - Not Converted,Partner,2025-07-18,1107038,Healthcare,Directors & Officers (D&O),Rio Grande do Sul,0
Working,Web,2025-06-21,3344088,Insurance,Corporate Life Insurance,Santa Catarina,0
New,Web,2025-02-13,1095434,FinTech,Pension Fund Management,Rio Grande do Sul,0
Nurturing,Partner,2025-01-22,2934133,Banking,Group Health Insurance,Parana,0
Working,Partner,2025-03-09,11453988,Financial Services,Fleet Auto Insurance,Minas Gerais,0
Closed - Not Converted,Referral,2025-08-09,11903305,Financial Services,Group Health Insurance,Bahia,0
Closed - Not Converted,LinkedIn,2025-05-13,1963721,FinTech,Pension Fund Management,Parana,0
Working,Referral,2025-07-20,9796672,Financial Services,Fleet Auto Insurance,Bahia,0
New,Web,2025-06-07,13312187,Financial Services,Fleet Auto Insurance,Parana,0
Nurturing,Trade Show,2025-04-02,1211503,Insurance,Corporate Life Insurance,Parana,0
Working,Cold Call,2025-01-18,15949310,Financial Services,Pension Fund Management,Rio Grande do Sul,0
Working,Referral,2025-10-31,754474,Insurance,Directors & Officers (D&O),Rio de Janeiro,0
Closed - Converted,Cold Call,2025-11-05,17061779,Financial Services,Directors & Officers (D&O),Rio de Janeiro,1
Closed - Converted,LinkedIn,2025-02-19,1128910,Retail,Cyber Liability Insurance,Parana,1
New,Referral,2025-05-06,10575043,Financial Services,Corporate Life Insurance,Parana,0
Closed - Not Converted,Cold Call,2025-05-03,262932,Insurance,Commercial Property,Parana,0
Working,Trade Show,2025-01-04,2584386,Insurance,Pension Fund Management,Santa Catarina,0
Working,LinkedIn,2025-10-03,4906975,Retail,Corporate Life Insurance,Parana,0
Working,Trade Show,2025-06-17,21971605,Financial Services,Pension Fund Management,Rio de Janeiro,0
Working,Trade Show,2025-01-13,3970212,Insurance,Cyber Liability Insurance,Distrito Federal,0
New,Partner,2025-11-20,32927474,Financial Services,Group Health Insurance,Sao Paulo,0
Working,Trade Show,2025-03-13,3858888,Banking,Cyber Liability Insurance,Sao Paulo,0
Closed - Converted,Trade Show,2025-06-19,5945755,Banking,Pension Fund Management,Minas Gerais,1
Working,LinkedIn,2025-08-11,1733945,Healthcare,Group Health Insurance,Sao Paulo,0
New,Web,2025-07-10,1522137,Insurance,Commercial Property,Minas Gerais,0
Working,Cold Call,2025-10-29,2026786,Financial Services,Pension Fund Management,Santa Catarina,0
New,Web,2025-06-16,16822553,Financial Services,Directors & Officers (D&O),Parana,0
New,Referral,2025-09-16,2897910,FinTech,Cyber Liability Insurance,Bahia,0
Closed - Not Converted,Web,2025-10-03,7473341,Financial Services,Commercial Property,Minas Gerais,0
New,Partner,2025-03-05,5021122,Financial Services,Directors & Officers (D&O),Minas Gerais,0
Closed - Not Converted,Cold Call,2025-10-25,2213344,Retail,Cyber Liability Insurance,Parana,0
Nurturing,Referral,2025-02-06,3218316,FinTech,Cyber Liability Insurance,Parana,0
Closed - Converted,LinkedIn,2025-10-05,13588428,Banking,Cyber Liability Insurance,Rio Grande do Sul,1
Working,Cold Call,2025-05-09,5250002,Financial Services,Corporate Life Insurance,Distrito Federal,0
Closed - Converted,LinkedIn,2025-04-11,464008,Financial Services,Cyber Liability Insurance,Parana,1
Working,Trade Show,2025-04-30,50585845,Financial Services,Cyber Liability Insurance,Minas Gerais,0
New,Web,2025-09-12,6261785,Financial Services,Corporate Life Insurance,Sao Paulo,0
Working,Web,2025-11-26,6177814,Insurance,Fleet Auto Insurance,Santa Catarina,0
Working,Referral,2025-02-13,15080294,Banking,Fleet Auto Insurance,Bahia,0
New,LinkedIn,2025-04-06,566050,Healthcare,Pension Fund Management,Rio de Janeiro,0
New,Trade Show,2025-01-11,13671412,Banking,Pension Fund Management,Parana,0
Nurturing,Partner,2025-05-15,564188,FinTech,Fleet Auto Insurance,Rio de Janeiro,0
New,Web,2025-01-04,42765014,Banking,Pension Fund Management,Rio Grande do Sul,0
New,Trade Show,2025-06-16,3714377,Financial Services,Cyber Liability Insurance,Parana,0
New,LinkedIn,2025-01-14,45958273,Financial Services,Fleet Auto Insurance,Bahia,0
New,Cold Call,2025-11-04,23289388,Financial Services,Commercial Property,Rio Grande do Sul,0
Closed - Converted,Cold Call,2025-07-28,7898926,Insurance,Commercial Property,Sao Paulo,1
Working,Partner,2025-04-19,5608432,Financial Services,Corporate Life Insurance,Rio de Janeiro,0
Working,Web,2025-06-03,5914882,Financial Services,Pension Fund Management,Distrito Federal,0
Working,Cold Call,2025-04-04,257630,Insurance,Directors & Officers (D&O),Santa Catarina,0
New,Trade Show,2025-03-28,658691,Insurance,Fleet Auto Insurance,Sao Paulo,0
Closed - Converted,LinkedIn,2025-04-20,15860955,Financial Services,Cyber Liability Insurance,Rio Grande do Sul,1
New,Trade Show,2025-07-17,1332895,Insurance,Corporate Life Insurance,Bahia,0
Closed - Converted,LinkedIn,2025-04-29,15187160,Banking,Commercial Property,Santa Catarina,1
Working,Web,2025-03-07,3683584,Financial Services,Fleet Auto Insurance,Santa Catarina,0
New,Trade Show,2025-09-23,605941,FinTech,Fleet Auto Insurance,Sao Paulo,0
Closed - Not Converted,Trade Show,2025-11-22,2219767,Banking,Cyber Liability Insurance,Bahia,0
Closed - Converted,Partner,2025-08-04,9951984,Financial Services,Directors & Officers (D&O),Rio de Janeiro,1
New,Cold Call,2025-10-26,4536483,Financial Services,Pension Fund Management,Bahia,0
Working,LinkedIn,2025-09-13,3578636,FinTech,Group Health Insurance,Parana,0
Closed - Not Converted,Web,2025-10-27,13782906,Financial Services,Commercial Property,Parana,0
Nurturing,LinkedIn,2025-02-07,29226252,Financial Services,Cyber Liability Insurance,Bahia,0
New,Cold Call,2025-05-18,1243091,Financial Services,Cyber Liability Insurance,Minas Gerais,0
Closed - Converted,LinkedIn,2025-04-15,906976,Insurance,Corporate Life Insurance,Rio de Janeiro,1
Nurturing,Partner,2025-04-08,435689,FinTech,Corporate Life Insurance,Sao Paulo,0
New,Web,2025-08-27,7228513,Financial Services,Pension Fund Management,Rio de Janeiro,0
New,Trade Show,2025-05-27,19620898,Financial Services,Group Health Insurance,Rio de Janeiro,0
Closed - Converted,Trade Show,2025-02-26,9080593,Financial Services,Commercial Property,Bahia,1
New,LinkedIn,2025-02-02,799544,FinTech,Group Health Insurance,Rio de Janeiro,0
Working,LinkedIn,2025-08-15,12749458,Financial Services,Pension Fund Management,Parana,0
New,Cold Call,2025-05-21,2771704,Retail,Directors & Officers (D&O),Distrito Federal,0
New,Trade Show,2025-01-22,4541041,Banking,Corporate Life Insurance,Minas Gerais,0
Working,Web,2025-01-13,2584496,Insurance,Fleet Auto Insurance,Distrito Federal,0
New,Cold Call,2025-07-01,7147438,Financial Services,Corporate Life Insurance,Parana,0
New,LinkedIn,2025-07-10,6106887,Financial Services,Group Health Insurance,Bahia,0
Closed - Converted,Referral,2025-11-20,754890,Retail,Directors & Officers (D&O),Rio Grande do Sul,1
Closed - Converted,Referral,2025-08-08,1049435,Financial Services,Commercial Property,Distrito Federal,1
Closed - Converted,Web,2025-01-01,1382596,FinTech,Cyber Liability Insurance,Santa Catarina,1
Closed - Converted,Cold Call,2025-01-20,5894894,Financial Services,Pension Fund Management,Bahia,1
Working,LinkedIn,2025-04-22,1018733,Insurance,Cyber Liability Insurance,Rio Grande do Sul,0
Working,Cold Call,2025-04-06,8873918,Financial Services,Pension Fund Management,Minas Gerais,0
Closed - Not Converted,LinkedIn,2025-04-03,489147,Insurance,Group Health Insurance,Parana,0
New,Referral,2025-03-15,8486773,Financial Services,Fleet Auto Insurance,Rio de Janeiro,0
Working,Partner,2025-05-27,1441684,Insurance,Group Health Insurance,Bahia,0
New,Web,2025-05-22,6698904,Financial Services,Fleet Auto Insurance,Santa Catarina,0
New,Cold Call,2025-11-16,1366196,Insurance,Commercial Property,Sao Paulo,0
New,Referral,2025-04-24,1504488,Financial Services,Commercial Property,Distrito Federal,0
Closed - Not Converted,Trade Show,2025-09-15,488643,FinTech,Corporate Life Insurance,Distrito Federal,0
Closed - Not Converted,Referral,2025-08-06,1622279,Insurance,Corporate Life Insurance,Sao Paulo,0
Working,LinkedIn,2025-06-03,1995543,Insurance,Fleet Auto Insurance,Parana,0
Closed - Not Converted,Cold Call,2025-06-01,18938945,Financial Services,Pension Fund Management,Distrito Federal,0
Closed - Not Converted,Cold Call,2025-01-07,27081079,Financial Services,Commercial Property,Sao Paulo,0
Working,Referral,2025-07-15,14665031,Financial Services,Commercial Property,Bahia,0
Closed - Not Converted,Cold Call,2025-06-14,225714,Insurance,Pension Fund Management,Distrito Federal,0
Working,Trade Show,2025-09-10,5817184,Financial Services,Cyber Liability Insurance,Minas Gerais,0
Closed - Converted,Trade Show,2025-08-06,90640632,Financial Services,Fleet Auto Insurance,Bahia,1
New,Partner,2025-07-04,326876,Insurance,Pension Fund Management,Minas Gerais,0
New,Trade Show,2025-07-01,3930041,Financial Services,Corporate Life Insurance,Rio de Janeiro,0
New,Cold Call,2025-01-11,3452339,Insurance,Pension Fund Management,Rio Grande do Sul,0
Working,Trade Show,2025-05-26,550616,Insurance,Group Health Insurance,Parana,0
New,Referral,2025-02-22,47427113,Financial Services,Fleet Auto Insurance,Bahia,0
New,Trade Show,2025-06-24,3148295,Financial Services,Corporate Life Insurance,Minas Gerais,0
Closed - Converted,LinkedIn,2025-07-08,2111706,FinTech,Group Health Insurance,Sao Paulo,1
Closed - Converted,Cold Call,2025-06-09,343272,Insurance,Commercial Property,Bahia,1
Working,Web,2025-07-09,4618016,Financial Services,Fleet Auto Insurance,Parana,0
Working,Web,2025-10-28,826210,Insurance,Directors & Officers (D&O),Rio de Janeiro,0
Closed - Not Converted,LinkedIn,2025-01-04,1650925,FinTech,Directors & Officers (D&O),Distrito Federal,0
Working,Trade Show,2025-06-08,6319414,Insurance,Cyber Liability Insurance,Distrito Federal,0
Working,Trade Show,2025-11-23,19102020,Financial Services,Commercial Property,Rio Grande do Sul,0
Closed - Converted,Partner,2025-06-29,1495545,Financial Services,Pension Fund Management,Rio Grande do Sul,1
Working,Cold Call,2025-02-20,530764,Insurance,Cyber Liability Insurance,Rio Grande do Sul,0
Nurturing,Referral,2025-02-08,812920,Insurance,Commercial Property,Rio Grande do Sul,0
Closed - Not Converted,Trade Show,2025-08-16,2160949,Insurance,Pension Fund Management,Rio de Janeiro,0
New,LinkedIn,2025-02-21,128856,Healthcare,Fleet Auto Insurance,Bahia,0
New,Cold Call,2025-09-07,26656235,Banking,Directors & Officers (D&O),Sao Paulo,0
New,Trade Show,2025-02-10,9210830,Financial Services,Pension Fund Management,Santa Catarina,0
Working,Web,2025-02-13,3025062,Healthcare,Directors & Officers (D&O),Sao Paulo,0
New,Trade Show,2025-09-21,18927315,Financial Services,Fleet Auto Insurance,Distrito Federal,0
Closed - Converted,Partner,2025-09-17,1939799,Insurance,Directors & Officers (D&O),Sao Paulo,1
Working,Web,2025-08-13,10255172,Financial Services,Pension Fund Management,Sao Paulo,0
New,Cold Call,2025-05-06,5556595,Banking,Corporate Life Insurance,Bahia,0
Closed - Converted,Cold Call,2025-03-14,764969,Insurance,Corporate Life Insurance,Minas Gerais,1
New,Cold Call,2025-01-06,7782770,Financial Services,Cyber Liability Insurance,Distrito Federal,0
New,Referral,2025-05-08,12114088,Financial Services,Commercial Property,Minas Gerais,0
New,LinkedIn,2025-05-19,1827070,FinTech,Directors & Officers (D&O),Santa Catarina,0
Nurturing,Web,2025-04-04,3898012,Financial Services,Cyber Liability Insurance,Santa Catarina,0
Working,Referral,2025-11-13,174716,Insurance,Cyber Liability Insurance,Rio de Janeiro,0
Working,Cold Call,2025-09-04,6737536,Financial Services,Commercial Property,Rio de Janeiro,0
Working,Web,2025-04-28,8821208,Financial Services,Cyber Liability Insurance,Minas Gerais,0
New,Cold Call,2025-04-21,4224962,Insurance,Corporate Life Insurance,Bahia,0
Working,Partner,2025-11-12,33627896,Financial Services,Corporate Life Insurance,Rio de Janeiro,0
New,Web,2025-08-31,11268182,Financial Services,Corporate Life Insurance,Sao Paulo,0
Closed - Converted,Web,2025-07-18,629329,FinTech,Fleet Auto Insurance,Minas Gerais,1
Working,Referral,2025-07-19,3406247,FinTech,Corporate Life Insurance,Parana,0
Working,Partner,2025-02-17,3050058,Insurance,Pension Fund Management,Parana,0
New,Trade Show,2025-08-18,18053837,Financial Services,Cyber Liability Insurance,Parana,0
New,Partner,2025-03-11,17754647,Financial Services,Corporate Life Insurance,Distrito Federal,0
New,Partner,2025-07-26,4750218,Financial Services,Directors & Officers (D&O),Santa Catarina,0
Closed - Converted,Trade Show,2025-07-13,5492495,Financial Services,Commercial Property,Sao Paulo,1
New,Web,2025-01-06,9729321,Financial Services,Fleet Auto Insurance,Sao Paulo,0
Working,Web,2025-10-26,968532,Insurance,Cyber Liability Insurance,Distrito Federal,0
Closed - Converted,Trade Show,2025-04-24,9164753,Banking,Fleet Auto Insurance,Santa Catarina,1
New,Partner,2025-03-19,7110695,Banking,Fleet Auto Insurance,Distrito Federal,0
New,Referral,2025-04-22,4837142,Insurance,Group Health Insurance,Rio Grande do Sul,0
New,Trade Show,2025-04-09,2786214,Insurance,Directors & Officers (D&O),Rio de Janeiro,0
Closed - Not Converted,Referral,2025-04-10,317863,Insurance,Fleet Auto Insurance,Sao Paulo,0
Working,Referral,2025-04-25,1014590,Healthcare,Commercial Property,Sao Paulo,0
Working,Partner,2025-06-12,12768254,Banking,Corporate Life Insurance,Minas Gerais,0
Closed - Not Converted,LinkedIn,2025-01-13,26522887,Financial Services,Directors & Officers (D&O),Santa Catarina,0
Closed - Not Converted,Partner,2025-02-25,2637984,Insurance,Fleet Auto Insurance,Rio de Janeiro,0
Closed - Not Converted,Web,2025-10-15,14380861,Financial Services,Directors & Officers (D&O),Rio de Janeiro,0
Closed - Converted,Web,2025-11-13,321177,Insurance,Directors & Officers (D&O),Distrito Federal,1
New,Partner,2025-08-31,878025,Insurance,Fleet Auto Insurance,Rio de Janeiro,0
New,Partner,2025-07-12,4452490,Financial Services,Directors & Officers (D&O),Distrito Federal,0
New,Cold Call,2025-02-20,1256367,Insurance,Corporate Life Insurance,Distrito Federal,0
Closed - Not Converted,Cold Call,2025-04-11,43583604,Financial Services,Cyber Liability Insurance,Distrito Federal,0
Closed - Converted,Trade Show,2025-09-19,1516382,FinTech,Corporate Life Insurance,Sao Paulo,1
Closed - Converted,LinkedIn,2025-02-06,6283248,Financial Services,Cyber Liability Insurance,Sao Paulo,1
New,Web,2025-10-05,1607757,Insurance,Fleet Auto Insurance,Distrito Federal,0
Closed - Converted,Web,2025-08-15,4342129,FinTech,Group Health Insurance,Santa Catarina,1
Working,Referral,2025-10-28,26269155,Financial Services,Cyber Liability Insurance,Santa Catarina,0
Closed - Converted,Web,2025-09-02,29158193,Banking,Cyber Liability Insurance,Rio de Janeiro,1
Closed - Converted,Trade Show,2025-07-11,10190402,Financial Services,Directors & Officers (D&O),Rio Grande do Sul,1
Nurturing,LinkedIn,2025-04-01,13601087,Financial Services,Cyber Liability Insurance,Rio Grande do Sul,0
Closed - Converted,Trade Show,2025-05-18,942361,Insurance,Corporate Life Insurance,Rio de Janeiro,1
Closed - Converted,Referral,2025-11-03,743532,Insurance,Pension Fund Management,Santa Catarina,1
New,Web,2025-07-22,1632743,Banking,Fleet Auto Insurance,Parana,0
Working,Cold Call,2025-09-16,9428565,Financial Services,Corporate Life Insurance,Bahia,0
New,Referral,2025-05-09,816534,Insurance,Group Health Insurance,Parana,0
Working,Cold Call,2025-11-26,15415052,Financial Services,Corporate Life Insurance,Rio de Janeiro,0
Working,LinkedIn,2025-05-13,1260108,FinTech,Directors & Officers (D&O),Minas Gerais,0
Closed - Not Converted,Cold Call,2025-05-31,780616,Insurance,Cyber Liability Insurance,Sao Paulo,0
New,LinkedIn,2025-10-06,2789166,Financial Services,Cyber Liability Insurance,Distrito Federal,0
Closed - Not Converted,Referral,2025-02-09,1580013,Healthcare,Cyber Liability Insurance,Distrito Federal,0
Working,Web,2025-03-03,10610637,Financial Services,Pension Fund Management,Rio de Janeiro,0
Working,Cold Call,2025-10-22,21230707,Financial Services,Cyber Liability Insurance,Parana,0
Closed - Converted,Trade Show,2025-07-25,12922087,Financial Services,Fleet Auto Insurance,Parana,1
Working,Partner,2025-08-11,4244036,Financial Services,Group Health Insurance,Parana,0
Nurturing,LinkedIn,2025-09-25,33056161,Financial Services,Corporate Life Insurance,Rio Grande do Sul,0
Nurturing,Trade Show,2025-10-01,774226,Insurance,Group Health Insurance,Rio Grande do Sul,0
Working,Cold Call,2025-05-10,654486,Financial Services,Corporate Life Insurance,Minas Gerais,0
Closed - Converted,Trade Show,2025-04-26,2034734,Financial Services,Commercial Property,Santa Catarina,1
Closed - Converted,Trade Show,2025-04-27,27447059,Financial Services,Commercial Property,Rio Grande do Sul,1
Working,Trade Show,2025-11-06,9292134,Banking,Directors & Officers (D&O),Sao Paulo,0
New,Trade Show,2025-03-18,951773,Insurance,Corporate Life Insurance,Rio de Janeiro,0
Working,Cold Call,2025-04-24,4839976,Financial Services,Fleet Auto Insurance,Bahia,0
New,Cold Call,2025-04-28,1124776,Healthcare,Fleet Auto Insurance,Santa Catarina,0
Working,LinkedIn,2025-03-29,2350366,Financial Services,Commercial Property,Bahia,0
Closed - Not Converted,LinkedIn,2025-07-27,5138594,Financial Services,Directors & Officers (D&O),Minas Gerais,0
New,Partner,2025-08-06,9557130,Insurance,Cyber Liability Insurance,Bahia,0
Closed - Not Converted,Cold Call,2025-04-17,683813,Insurance,Directors & Officers (D&O),Distrito Federal,0
New,Partner,2025-10-06,1478727,FinTech,Cyber Liability Insurance,Rio Grande do Sul,0
New,Partner,2025-10-16,600178,Insurance,Corporate Life Insurance,Bahia,0
Working,Trade Show,2025-04-17,6092187,Financial Services,Commercial Property,Distrito Federal,0
Working,LinkedIn,2025-01-22,26505220,Financial Services,Directors & Officers (D&O),Parana,0
Working,Partner,2025-08-13,5717750,Financial Services,Commercial Property,Rio de Janeiro,0
New,Partner,2025-03-07,1124065,Retail,Corporate Life Insurance,Parana,0
New,Referral,2025-10-05,13524465,Financial Services,Fleet Auto Insurance,Bahia,0
Working,Web,2025-11-07,365992,Retail,Directors & Officers (D&O),Sao Paulo,0
New,Partner,2025-10-03,1508011,Insurance,Fleet Auto Insurance,Sao Paulo,0
New,Partner,2025-06-05,14224661,Financial Services,Cyber Liability Insurance,Rio Grande do Sul,0
Closed - Not Converted,Partner,2025-07-28,406225,Insurance,Group Health Insurance,Parana,0
Closed - Not Converted,Partner,2025-02-27,889457,Insurance,Commercial Property,Parana,0
Working,Trade Show,2025-02-25,4949621,Financial Services,Fleet Auto Insurance,Sao Paulo,0
New,Cold Call,2025-11-12,1978357,Insurance,Directors & Officers (D&O),Rio Grande do Sul,0
Closed - Converted,Trade Show,2025-08-24,1704676,Insurance,Directors & Officers (D&O),Santa Catarina,1
Working,LinkedIn,2025-02-23,4393762,Financial Services,Cyber Liability Insurance,Bahia,0
Closed - Not Converted,LinkedIn,2025-03-04,321513,Insurance,Commercial Property,Minas Gerais,0
Closed - Not Converted,LinkedIn,2025-05-13,3563215,Insurance,Directors & Officers (D&O),Minas Gerais,0
New,Web,2025-06-24,5642193,Financial Services,Corporate Life Insurance,Bahia,0
Closed - Converted,LinkedIn,2025-05-02,4268829,Financial Services,Corporate Life Insurance,Minas Gerais,1
Working,Cold Call,2025-09-25,12008092,Financial Services,Group Health Insurance,Rio Grande do Sul,0
New,Partner,2025-08-27,2806299,Healthcare,Corporate Life Insurance,Bahia,0
Nurturing,Cold Call,2025-11-22,428375,Insurance,Corporate Life Insurance,Bahia,0
Working,Trade Show,2025-06-18,1907353,FinTech,Pension Fund Management,Minas Gerais,0
New,LinkedIn,2025-02-06,20995196,Financial Services,Pension Fund Management,Sao Paulo,0
New,Cold Call,2025-04-13,12940392,Financial Services,Pension Fund Management,Parana,0
Working,Cold Call,2025-03-30,972635,FinTech,Corporate Life Insurance,Distrito Federal,0
Working,LinkedIn,2025-06-14,395157,Insurance,Commercial Property,Bahia,0
Closed - Converted,Referral,2025-05-31,2556271,Retail,Pension Fund Management,Sao Paulo,1
Closed - Converted,Web,2025-08-17,4394352,Insurance,Commercial Property,Minas Gerais,1
Working,LinkedIn,2025-04-04,784361,Insurance,Commercial Property,Rio de Janeiro,0
Working,Referral,2025-06-25,4021428,Financial Services,Commercial Property,Santa Catarina,0
Closed - Not Converted,Web,2025-05-27,18465279,Financial Services,Corporate Life Insurance,Minas Gerais,0
Nurturing,Cold Call,2025-07-22,603272,FinTech,Directors & Officers (D&O),Santa Catarina,0
Closed - Converted,Trade Show,2025-09-08,331855,Insurance,Corporate Life Insurance,Rio Grande do Sul,1
New,Referral,2025-09-18,30014568,Banking,Corporate Life Insurance,Sao Paulo,0
Closed - Converted,Cold Call,2025-05-05,2506405,Banking,Pension Fund Management,Distrito Federal,1
Closed - Converted,LinkedIn,2025-02-21,13752870,Financial Services,Fleet Auto Insurance,Rio de Janeiro,1
New,LinkedIn,2025-06-13,776585,Insurance,Commercial Property,Bahia,0
Closed - Converted,Web,2025-09-30,2406869,Insurance,Commercial Property,Distrito Federal,1
Closed - Converted,Partner,2025-08-10,3255217,Financial Services,Pension Fund Management,Parana,1
Nurturing,LinkedIn,2025-08-24,763833,Insurance,Cyber Liability Insurance,Rio Grande do Sul,0
Working,Trade Show,2025-04-13,7004482,Financial Services,Commercial Property,Parana,0
Working,Partner,2025-08-04,239360,Insurance,Corporate Life Insurance,Rio Grande do Sul,0
Working,Referral,2025-11-25,3928772,Financial Services,Directors & Officers (D&O),Santa Catarina,0
Nurturing,Cold Call,2025-03-05,13633092,Financial Services,Commercial Property,Rio de Janeiro,0
Closed - Converted,Cold Call,2025-02-09,165884,Retail,Directors & Officers (D&O),Minas Gerais,1
New,Web,2025-10-13,772138,Insurance,Group Health Insurance,Distrito Federal,0
Closed - Not Converted,Cold Call,2025-10-22,8233721,Financial Services,Pension Fund Management,Santa Catarina,0
New,Cold Call,2025-06-19,4189555,Financial Services,Pension Fund Management,Santa Catarina,0
Closed - Converted,LinkedIn,2025-06-18,2733528,Insurance,Directors & Officers (D&O),Rio de Janeiro,1
Working,Referral,2025-01-12,2696840,Financial Services,Group Health Insurance,Santa Catarina,0
Working,Web,2025-10-25,257471,Insurance,Commercial Property,Parana,0
Working,LinkedIn,2025-03-18,189524,Insurance,Cyber Liability Insurance,Parana,0
Closed - Converted,Partner,2025-08-22,360359,FinTech,Commercial Property,Sao Paulo,1
Working,Web,2025-04-26,286630,Retail,Pension Fund Management,Bahia,0
Closed - Converted,Trade Show,2025-03-24,260283,Insurance,Pension Fund Management,Sao Paulo,1
Working,LinkedIn,2025-10-06,735858,Insurance,Cyber Liability Insurance,Minas Gerais,0
New,Partner,2025-03-17,5458530,FinTech,Directors & Officers (D&O),Bahia,0
Closed - Converted,Partner,2025-05-02,2441332,Healthcare,Group Health Insurance,Parana,1
Closed - Converted,Referral,2025-11-08,3031434,Banking,Group Health Insurance,Minas Gerais,1
Working,Trade Show,2025-04-24,39809250,Financial Services,Pension Fund Management,Rio Grande do Sul,0
Closed - Converted,Partner,2025-10-19,2159526,Insurance,Cyber Liability Insurance,Santa Catarina,1
New,Partner,2025-01-26,2292657,Insurance,Cyber Liability Insurance,Minas Gerais,0
Working,Partner,2025-04-26,11973215,Financial Services,Corporate Life Insurance,Sao Paulo,0
Closed - Not Converted,LinkedIn,2025-09-28,13459409,Financial Services,Pension Fund Management,Parana,0
Working,Web,2025-10-06,381569,Retail,Commercial Property,Santa Catarina,0
Closed - Converted,LinkedIn,2025-10-21,536154,Insurance,Directors & Officers (D&O),Minas Gerais,1
Working,Cold Call,2025-01-28,3604385,Insurance,Group Health Insurance,Rio de Janeiro,0
Working,Cold Call,2025-08-21,399464,FinTech,Group Health Insurance,Bahia,0
Working,Trade Show,2025-06-08,2859510,Financial Services,Fleet Auto Insurance,Rio Grande do Sul,0
Nurturing,Web,2025-02-24,2055610,Financial Services,Pension Fund Management,Distrito Federal,0
Nurturing,LinkedIn,2025-03-03,1129126,Healthcare,Cyber Liability Insurance,Bahia,0
New,LinkedIn,2025-10-16,627075,Insurance,Fleet Auto Insurance,Minas Gerais,0
Nurturing,Trade Show,2025-01-30,1686284,Insurance,Cyber Liability Insurance,Rio Grande do Sul,0
Working,Partner,2025-10-12,18064744,Financial Services,Group Health Insurance,Sao Paulo,0
New,Cold Call,2025-10-07,4434677,Financial Services,Corporate Life Insurance,Distrito Federal,0
Working,Web,2025-07-24,2092323,Insurance,Commercial Property,Santa Catarina,0
Working,Cold Call,2025-07-25,14975105,Financial Services,Group Health Insurance,Rio de Janeiro,0
Working,Web,2025-08-23,5301733,Financial Services,Corporate Life Insurance,Parana,0
Working,Partner,2025-05-06,521190,Insurance,Group Health Insurance,Distrito Federal,0
New,Cold Call,2025-07-25,1713001,Retail,Commercial Property,Distrito Federal,0
Working,Partner,2025-02-04,4712214,Financial Services,Cyber Liability Insurance,Minas Gerais,0
Working,Web,2025-03-05,1707119,Retail,Directors & Officers (D&O),Sao Paulo,0
New,Partner,2025-03-01,236680024,Banking,Directors & Officers (D&O),Sao Paulo,0
Closed - Not Converted,Cold Call,2025-10-28,2457436,FinTech,Pension Fund Management,Parana,0
New,Cold Call,2025-10-31,4242926,FinTech,Corporate Life Insurance,Parana,0
Closed - Converted,Web,2025-10-22,22691300,Banking,Pension Fund Management,Rio Grande do Sul,1
Closed - Not Converted,LinkedIn,2025-05-20,2826369,Financial Services,Commercial Property,Minas Gerais,0
New,Referral,2025-10-15,269333,FinTech,Fleet Auto Insurance,Minas Gerais,0
Working,Referral,2025-06-25,2370170,Financial Services,Commercial Property,Parana,0
New,Partner,2025-01-02,2925595,Insurance,Directors & Officers (D&O),Rio de Janeiro,0
Working,Trade Show,2025-11-24,3339179,Retail,Cyber Liability Insurance,Bahia,0
New,Trade Show,2025-10-24,897511,Insurance,Group Health Insurance,Santa Catarina,0
New,LinkedIn,2025-02-25,1175068,Retail,Pension Fund Management,Sao Paulo,0
New,Partner,2025-10-15,460743,Insurance,Fleet Auto Insurance,Distrito Federal,0
Nurturing,Web,2025-03-24,1225298,Insurance,Corporate Life Insurance,Rio de Janeiro,0
Nurturing,LinkedIn,2025-04-23,2325443,Financial Services,Commercial Property,Rio de Janeiro,0
New,Referral,2025-06-18,5433929,Healthcare,Group Health Insurance,Parana,0
Closed - Not Converted,Partner,2025-07-17,9111295,Financial Services,Group Health Insurance,Bahia,0
Working,LinkedIn,2025-07-11,4432743,FinTech,Fleet Auto Insurance,Santa Catarina,0
Closed - Not Converted,Partner,2025-11-22,350746,Retail,Cyber Liability Insurance,Parana,0
Working,Trade Show,2025-10-28,801363,Insurance,Fleet Auto Insurance,Santa Catarina,0
New,Web,2025-01-19,1719522,FinTech,Group Health Insurance,Minas Gerais,0
Working,Partner,2025-06-27,13667507,Financial Services,Corporate Life Insurance,Bahia,0
Working,Cold Call,2025-08-25,3515884,Financial Services,Pension Fund Management,Santa Catarina,0
Nurturing,LinkedIn,2025-10-21,984189,FinTech,Commercial Property,Sao Paulo,0
Nurturing,LinkedIn,2025-08-08,2113056,Banking,Cyber Liability Insurance,Rio Grande do Sul,0
Working,Referral,2025-05-18,1339682,Insurance,Corporate Life Insurance,Distrito Federal,0
Closed - Converted,Referral,2025-03-06,906192,FinTech,Cyber Liability Insurance,Distrito Federal,1
Working,Partner,2025-02-27,6510545,Healthcare,Group Health Insurance,Minas Gerais,0
New,Trade Show,2025-05-27,23096005,Financial Services,Pension Fund Management,Rio de Janeiro,0
New,Web,2025-05-25,447324,Retail,Directors & Officers (D&O),Distrito Federal,0
New,LinkedIn,2025-09-10,10797656,Banking,Group Health Insurance,Bahia,0
Closed - Converted,Web,2025-06-05,871590,FinTech,Corporate Life Insurance,Sao Paulo,1
New,Web,2025-05-15,5724672,Insurance,Fleet Auto Insurance,Distrito Federal,0
Working,Cold Call,2025-10-09,13970557,Financial Services,Corporate Life Insurance,Bahia,0
Closed - Not Converted,Trade Show,2025-08-23,2602414,Insurance,Commercial Property,Sao Paulo,0
Closed - Converted,Cold Call,2025-02-11,10389042,Financial Services,Pension Fund Management,Minas Gerais,1
Working,Referral,2025-03-28,652851,Insurance,Fleet Auto Insurance,Distrito Federal,0
Working,Cold Call,2025-10-04,15015305,Banking,Corporate Life Insurance,Parana,0
Working,LinkedIn,2025-07-04,2495255,Banking,Corporate Life Insurance,Sao Paulo,0
Closed - Converted,LinkedIn,2025-02-14,685524,Retail,Pension Fund Management,Rio de Janeiro,1
Working,Cold Call,2025-03-02,1369753,Insurance,Directors & Officers (D&O),Bahia,0
Closed - Not Converted,Partner,2025-04-15,20983585,Banking,Group Health Insurance,Rio de Janeiro,0
New,LinkedIn,2025-11-19,709732,Retail,Directors & Officers (D&O),Bahia,0
Closed - Converted,LinkedIn,2025-09-20,469270,Retail,Cyber Liability Insurance,Minas Gerais,1
Closed - Not Converted,Cold Call,2025-03-06,1459287,Insurance,Pension Fund Management,Parana,0
Nurturing,Cold Call,2025-08-29,16727619,Financial Services,Pension Fund Management,Rio Grande do Sul,0
Working,Cold Call,2025-10-27,26130938,Financial Services,Commercial Property,Rio Grande do Sul,0
Nurturing,Trade Show,2025-04-28,21678716,Financial Services,Pension Fund Management,Bahia,0
Closed - Converted,Cold Call,2025-11-25,30189817,Financial Services,Group Health Insurance,Rio de Janeiro,1
New,Cold Call,2025-08-03,1865702,Insurance,Pension Fund Management,Sao Paulo,0
Closed - Converted,LinkedIn,2025-08-21,1087807,Insurance,Directors & Officers (D&O),Minas Gerais,1
Nurturing,Web,2025-10-14,358250,Retail,Commercial Property,Rio Grande do Sul,0
Closed - Converted,LinkedIn,2025-08-16,1798625,Insurance,Commercial Property,Parana,1
New,Cold Call,2025-05-04,6581773,Financial Services,Fleet Auto Insurance,Bahia,0
New,Cold Call,2025-02-18,167411,Retail,Directors & Officers (D&O),Rio Grande do Sul,0
New,Cold Call,2025-03-24,8555166,Financial Services,Fleet Auto Insurance,Bahia,0
Working,Referral,2025-11-02,1551109,Insurance,Directors & Officers (D&O),Rio de Janeiro,0
Working,Cold Call,2025-06-21,452823,FinTech,Pension Fund Management,Bahia,0
New,LinkedIn,2025-03-31,1803376,Insurance,Group Health Insurance,Bahia,0
Working,LinkedIn,2025-04-10,5401613,Insurance,Pension Fund Management,Rio de Janeiro,0
Nurturing,LinkedIn,2025-04-09,2870413,Banking,Group Health Insurance,Minas Gerais,0
Nurturing,Partner,2025-04-26,1335249,Financial Services,Pension Fund Management,Rio Grande do Sul,0
Closed - Not Converted,Referral,2025-03-04,2187160,Insurance,Cyber Liability Insurance,Rio de Janeiro,0
Nurturing,Partner,2025-10-21,25986556,Financial Services,Directors & Officers (D&O),Bahia,0
Nurturing,Trade Show,2025-02-05,2198005,Insurance,Directors & Officers (D&O),Bahia,0
Closed - Not Converted,Partner,2025-09-20,956013,Healthcare,Fleet Auto Insurance,Parana,0
Closed - Converted,Cold Call,2025-08-02,12653462,Banking,Fleet Auto Insurance,Bahia,1
New,Partner,2025-06-09,14281526,Banking,Directors & Officers (D&O),Rio de Janeiro,0
Working,Web,2025-05-20,235520,Retail,Group Health Insurance,Parana,0
New,Web,2025-09-07,2741992,Financial Services,Cyber Liability Insurance,Minas Gerais,0
New,LinkedIn,2025-01-01,1600288,FinTech,Pension Fund Management,Sao Paulo,0
New,Partner,2025-03-16,6353442,Financial Services,Corporate Life Insurance,Rio de Janeiro,0
Working,Cold Call,2025-10-24,7765227,Insurance,Commercial Property,Rio Grande do Sul,0
New,Referral,2025-10-10,3208045,Financial Services,Commercial Property,Minas Gerais,0
Nurturing,Partner,2025-01-19,26095281,Financial Services,Pension Fund Management,Bahia,0
Closed - Not Converted,Referral,2025-07-23,2703202,Insurance,Corporate Life Insurance,Rio de Janeiro,0
Nurturing,Cold Call,2025-02-19,27323947,Financial Services,Corporate Life Insurance,Minas Gerais,0
New,Trade Show,2025-08-09,25490576,Financial Services,Group Health Insurance,Minas Gerais,0
Closed - Converted,Web,2025-11-21,7578054,Financial Services,Group Health Insurance,Rio de Janeiro,1
Closed - Converted,Web,2025-10-27,1165815,FinTech,Commercial Property,Sao Paulo,1
Closed - Converted,Trade Show,2025-09-09,8663493,Financial Services,Group Health Insurance,Parana,1
Working,Cold Call,2025-09-05,1487516,FinTech,Fleet Auto Insurance,Sao Paulo,0
New,Trade Show,2025-02-08,1386437,FinTech,Directors & Officers (D&O),Distrito Federal,0
Nurturing,Trade Show,2025-03-07,605302,Insurance,Group Health Insurance,Rio de Janeiro,0
Working,Web,2025-04-10,3305685,Insurance,Corporate Life Insurance,Distrito Federal,0
Working,Trade Show,2025-03-20,2853712,Insurance,Directors & Officers (D&O),Santa Catarina,0
Closed - Not Converted,Cold Call,2025-11-12,36203360,Financial Services,Commercial Property,Minas Gerais,0
Closed - Converted,Partner,2025-10-11,53775088,Financial Services,Pension Fund Management,Bahia,1
Closed - Converted,Web,2025-02-14,23139510,Banking,Commercial Property,Rio Grande do Sul,1
New,Trade Show,2025-05-03,2541564,Financial Services,Cyber Liability Insurance,Parana,0
New,Partner,2025-09-12,121738,Healthcare,Group Health Insurance,Rio de Janeiro,0
Closed - Not Converted,Cold Call,2025-10-17,5259305,Financial Services,Commercial Property,Rio Grande do Sul,0
Closed - Converted,Partner,2025-08-11,475347,Healthcare,Pension Fund Management,Bahia,1
Closed - Not Converted,Referral,2025-03-06,4898935,Financial Services,Directors & Officers (D&O),Minas Gerais,0
Closed - Converted,LinkedIn,2025-06-02,1693546,FinTech,Commercial Property,Minas Gerais,1
Closed - Not Converted,Trade Show,2025-08-23,17493828,Financial Services,Cyber Liability Insurance,Distrito Federal,0
Nurturing,Referral,2025-07-20,990802,FinTech,Pension Fund Management,Santa Catarina,0
Working,Web,2025-03-30,19659000,Banking,Pension Fund Management,Distrito Federal,0
New,Trade Show,2025-05-03,1312390,Insurance,Pension Fund Management,Rio de Janeiro,0
Working,Cold Call,2025-10-06,13923866,Banking,Pension Fund Management,Minas Gerais,0
Working,Cold Call,2025-05-31,15330171,Banking,Fleet Auto Insurance,Distrito Federal,0
New,Web,2025-11-09,314175,Insurance,Group Health Insurance,Distrito Federal,0
New,Referral,2025-09-25,3002127,Financial Services,Fleet Auto Insurance,Parana,0
Nurturing,Trade Show,2025-05-10,9554139,Financial Services,Corporate Life Insurance,Bahia,0
New,Web,2025-01-19,3469479,Financial Services,Cyber Liability Insurance,Bahia,0
Closed - Converted,Web,2025-10-28,15261077,Financial Services,Corporate Life Insurance,Sao Paulo,1
Working,Cold Call,2025-11-10,685386,Insurance,Fleet Auto Insurance,Minas Gerais,0
New,Referral,2025-05-15,7338240,Retail,Pension Fund Management,Sao Paulo,0
New,Partner,2025-02-11,15721971,Banking,Group Health Insurance,Distrito Federal,0
Closed - Converted,Partner,2025-04-21,8318690,Financial Services,Pension Fund Management,Rio Grande do Sul,1
Closed - Not Converted,Referral,2025-10-08,19585699,Financial Services,Fleet Auto Insurance,Rio Grande do Sul,0
New,Trade Show,2025-04-03,4161345,Insurance,Cyber Liability Insurance,Santa Catarina,0
Working,Referral,2025-05-22,1657439,FinTech,Commercial Property,Bahia,0
Working,LinkedIn,2025-05-23,1090727,Healthcare,Fleet Auto Insurance,Rio de Janeiro,0
Closed - Converted,Cold Call,2025-04-21,298794,Insurance,Corporate Life Insurance,Rio de Janeiro,1
Nurturing,Referral,2025-06-30,2179950,FinTech,Fleet Auto Insurance,Minas Gerais,0
Closed - Converted,Referral,2025-08-02,921089,FinTech,Commercial Property,Minas Gerais,1
Closed - Not Converted,Partner,2025-08-28,708773,Insurance,Corporate Life Insurance,Santa Catarina,0
Working,LinkedIn,2025-08-12,7973229,Banking,Corporate Life Insurance,Parana,0
Working,Referral,2025-03-22,29759782,Financial Services,Directors & Officers (D&O),Rio Grande do Sul,0
Nurturing,Web,2025-07-31,17593726,Financial Services,Commercial Property,Santa Catarina,0
Working,Partner,2025-09-27,229723,Insurance,Fleet Auto Insurance,Santa Catarina,0
Working,Partner,2025-02-13,5951346,Financial Services,Fleet Auto Insurance,Distrito Federal,0
Closed - Not Converted,Web,2025-08-21,34809837,Banking,Corporate Life Insurance,Parana,0
Working,Referral,2025-05-14,13988544,Financial Services,Cyber Liability Insurance,Parana,0
New,Referral,2025-08-17,2042345,FinTech,Cyber Liability Insurance,Rio Grande do Sul,0
New,Web,2025-09-27,11830846,Financial Services,Pension Fund Management,Santa Catarina,0
Closed - Converted,Referral,2025-04-01,1742752,Banking,Group Health Insurance,Parana,1
